Date,Open,Buy,Sell,Total
2007/01/02,0,0,0,0
2007/01/03,0,0,-380,-380
2007/01/04,0,0,0,0
2007/01/05,0,0,0,0
2007/01/08,0,0,0,0
2007/01/09,0,0,0,0
2007/01/10,0,0,0,0
2007/01/11,0,7000,0,7000
2007/01/12,0,3000,0,3000
2007/01/15,0,0,-640000,-640000
2007/01/16,0,4000,0,4000
2007/01/17,0,14000,0,14000
2007/01/18,0,0,0,0
2007/01/19,0,0,-172000,-172000
2007/01/22,0,48000,-14000,34000
2007/01/23,0,0,0,0
2007/01/24,0,30000,0,30000
2007/01/25,0,30000,0,30000
2007/01/26,0,0,0,0
2007/01/29,0,0,-1000,-1000
2007/01/30,0,80000,0,80000
2007/01/31,0,0,0,0
2007/02/01,0,0,0,0
2007/02/02,0,2000,0,2000
2007/02/05,0,60000,0,60000
2007/02/06,0,60000,0,60000
2007/02/07,0,0,0,0
2007/02/08,0,3000,-905000,-902000
2007/02/09,0,112000,0,112000
2007/02/12,0,188000,0,188000
2007/02/13,0,0,0,0
2007/02/14,0,0,0,0
2007/02/15,0,0,0,0
2007/02/16,0,0,0,0
2007/02/19,0,0,0,0
2007/02/20,0,0,0,0
2007/02/21,0,0,0,0
2007/02/22,0,0,0,0
2007/02/23,0,0,0,0
2007/02/26,0,0,0,0
2007/02/27,0,0,0,0
2007/02/28,0,0,0,0
2007/03/01,0,7000,0,7000
2007/03/02,0,0,0,0
2007/03/05,0,0,0,0
2007/03/06,0,40000,0,40000
2007/03/07,0,0,0,0
2007/03/08,0,0,0,0
2007/03/09,0,0,0,0
2007/03/12,0,9000,-192000,-183000
2007/03/13,0,0,0,0
2007/03/14,0,0,0,0
2007/03/15,0,0,0,0
2007/03/16,0,0,-26000,-26000
2007/03/19,0,4000,0,4000
2007/03/20,0,0,-3000,-3000
2007/03/21,0,0,-6000,-6000
2007/03/22,0,0,-3000,-3000
2007/03/23,0,213000,-11000,202000
2007/03/26,0,1917000,0,1917000
2007/03/27,0,0,0,0
2007/03/28,0,110000,0,110000
2007/03/29,0,0,-1000,-1000
2007/03/30,0,0,-2000,-2000
2007/04/02,0,0,0,0
2007/04/03,0,0,0,0
2007/04/04,0,0,0,0
2007/04/05,0,0,0,0
2007/04/06,0,0,0,0
2007/04/09,0,0,0,0
2007/04/10,0,0,-3000,-3000
2007/04/11,0,1000,0,1000
2007/04/12,0,0,0,0
2007/04/13,0,0,-3000,-3000
2007/04/16,0,0,0,0
2007/04/17,0,0,0,0
2007/04/18,0,0,0,0
2007/04/19,0,3000,0,3000
2007/04/20,0,0,-37000,-37000
2007/04/23,0,3000,0,3000
2007/04/24,0,21000,0,21000
2007/04/25,0,0,0,0
2007/04/26,0,0,0,0
2007/04/27,0,0,0,0
2007/04/30,0,0,0,0
2007/05/01,0,0,0,0
2007/05/02,0,16000,0,16000
2007/05/03,0,0,0,0
2007/05/04,0,0,0,0
2007/05/07,0,0,-16000,-16000
2007/05/08,0,0,-4000,-4000
2007/05/09,0,0,0,0
2007/05/10,0,0,-10000,-10000
2007/05/11,0,0,0,0
2007/05/14,0,0,0,0
2007/05/15,0,25000,-1000,24000
2007/05/16,0,0,-4000,-4000
2007/05/17,0,0,-3000,-3000
2007/05/18,0,0,0,0
2007/05/21,0,0,0,0
2007/05/22,0,2000,0,2000
2007/05/23,0,1000,-70000,-69000
2007/05/24,0,0,0,0
2007/05/25,0,2000,0,2000
2007/05/28,0,0,0,0
2007/05/29,0,5000,0,5000
2007/05/30,0,0,-286000,-286000
2007/05/31,0,0,0,0
2007/06/01,0,0,0,0
2007/06/04,0,4000,-252000,-248000
2007/06/05,0,0,-1930000,-1930000
2007/06/06,0,2000,0,2000
2007/06/07,0,0,0,0
2007/06/08,0,0,0,0
2007/06/11,0,0,0,0
2007/06/12,0,0,0,0
2007/06/13,0,0,0,0
2007/06/14,0,0,-8000,-8000
2007/06/15,0,10000,-20000,-10000
2007/06/18,0,0,0,0
2007/06/19,0,0,0,0
2007/06/20,0,2000,0,2000
2007/06/21,0,20000,0,20000
2007/06/22,0,0,0,0
2007/06/25,0,0,-393000,-393000
2007/06/26,0,0,0,0
2007/06/27,0,60000,0,60000
2007/06/28,0,0,0,0
2007/06/29,0,2000,0,2000
2007/07/02,0,0,0,0
2007/07/03,0,0,0,0
2007/07/04,0,2000,0,2000
2007/07/05,0,1512000,-60000,1452000
2007/07/06,0,0,-16000,-16000
2007/07/09,0,106000,0,106000
2007/07/10,0,0,-1000,-1000
2007/07/11,0,0,0,0
2007/07/12,0,0,0,0
2007/07/13,0,0,0,0
2007/07/16,0,0,0,0
2007/07/17,0,0,-5000,-5000
2007/07/18,0,210000,0,210000
2007/07/19,0,1000,0,1000
2007/07/20,0,5000,0,5000
2007/07/23,0,3000,0,3000
2007/07/24,0,1000,0,1000
2007/07/25,0,0,0,0
2007/07/26,0,16000,0,16000
2007/07/27,0,2000,-8000,-6000
2007/07/30,0,1000,0,1000
2007/07/31,0,0,-10000,-10000
2007/08/01,0,0,-36000,-36000
2007/08/02,0,5000,-9000,-4000
2007/08/03,0,0,-1000,-1000
2007/08/06,0,4000,0,4000
2007/08/07,0,0,-1000,-1000
2007/08/08,0,31000,0,31000
2007/08/09,0,0,0,0
2007/08/10,0,0,-40000,-40000
2007/08/13,0,0,0,0
2007/08/14,0,3000,0,3000
2007/08/15,0,9000,-16000,-7000
2007/08/16,0,11000,0,11000
2007/08/17,0,17000,-72000,-55000
2007/08/20,0,14000,0,14000
2007/08/21,0,0,0,0
2007/08/22,0,84000,-5000,79000
2007/08/23,0,2000,0,2000
2007/08/24,0,0,-4000,-4000
2007/08/27,0,4000,-10000,-6000
2007/08/28,0,0,0,0
2007/08/29,0,0,0,0
2007/08/30,0,0,0,0
2007/08/31,0,0,-64000,-64000
2007/09/03,0,14000,-7000,7000
2007/09/04,0,32000,-4000,28000
2007/09/05,0,0,0,0
2007/09/06,0,0,0,0
2007/09/07,0,0,-16000,-16000
2007/09/10,0,0,0,0
2007/09/11,0,8000,0,8000
2007/09/12,0,16000,0,16000
2007/09/13,0,0,0,0
2007/09/14,0,46000,0,46000
2007/09/17,0,0,0,0
2007/09/18,0,0,0,0
2007/09/19,0,4000,0,4000
2007/09/20,0,5000,0,5000
2007/09/21,0,5000,-59000,-54000
2007/09/24,0,0,0,0
2007/09/25,0,0,0,0
2007/09/26,0,2000,-5000,-3000
2007/09/27,0,3000,0,3000
2007/09/28,0,0,-6000,-6000
2007/10/01,0,0,-9000,-9000
2007/10/02,0,20000,-8000,12000
2007/10/03,0,0,-1000,-1000
2007/10/04,0,0,0,0
2007/10/05,0,0,-2000,-2000
2007/10/08,0,24000,-9000,15000
2007/10/09,0,0,0,0
2007/10/10,0,0,0,0
2007/10/11,0,0,0,0
2007/10/12,0,0,0,0
2007/10/15,0,3000,0,3000
2007/10/16,0,0,0,0
2007/10/17,0,0,-20000,-20000
2007/10/18,0,241000,-1435000,-1194000
2007/10/19,0,1210000,-2588000,-1378000
2007/10/22,0,146000,-157096,-11096
2007/10/23,0,2000,0,2000
2007/10/24,0,0,0,0
2007/10/25,0,0,0,0
2007/10/26,0,0,0,0
2007/10/29,0,0,0,0
2007/10/30,0,2000,0,2000
2007/10/31,0,0,0,0
2007/11/01,0,2000,0,2000
2007/11/02,0,12000,0,12000
2007/11/05,0,32000,-200000,-168000
2007/11/06,0,1000,0,1000
2007/11/07,0,1000,0,1000
2007/11/08,0,3000,0,3000
2007/11/09,0,4000,-200000,-196000
2007/11/12,0,4000,0,4000
2007/11/13,0,4000,0,4000
2007/11/14,0,0,-100000,-100000
2007/11/15,0,0,0,0
2007/11/16,0,0,0,0
2007/11/19,0,0,-122705,-122705
2007/11/20,0,0,0,0
2007/11/21,0,0,0,0
2007/11/22,0,0,0,0
2007/11/23,0,0,0,0
2007/11/26,0,0,0,0
2007/11/27,0,0,0,0
2007/11/28,0,130000,0,130000
2007/11/29,0,0,0,0
2007/11/30,0,22000,-50000,-28000
2007/12/03,0,0,-15000,-15000
2007/12/04,0,0,0,0
2007/12/05,0,0,0,0
2007/12/06,0,0,-37000,-37000
2007/12/07,0,0,0,0
2007/12/10,0,0,-137000,-137000
2007/12/11,0,0,-32000,-32000
2007/12/12,0,0,-44000,-44000
2007/12/13,0,0,0,0
2007/12/14,0,31000,0,31000
2007/12/17,0,0,0,0
2007/12/18,0,314000,-33000,281000
2007/12/19,0,0,0,0
2007/12/20,0,0,0,0
2007/12/21,0,0,-6000,-6000
2007/12/24,0,0,-183000,-183000
2007/12/25,0,0,0,0
2007/12/26,0,0,0,0
2007/12/27,0,0,0,0
2007/12/28,0,0,0,0
2007/12/31,0,0,0,0
2008/01/01,0,0,0,0
2008/01/02,0,80000,0,80000
2008/01/03,0,0,-211000,-211000
2008/01/04,0,0,0,0
2008/01/07,0,151000,0,151000
2008/01/08,0,0,0,0
2008/01/09,0,0,0,0
2008/01/10,0,23000,0,23000
2008/01/11,0,0,0,0
2008/01/14,0,0,0,0
2008/01/15,0,0,0,0
2008/01/16,0,22000,0,22000
2008/01/17,0,23000,0,23000
2008/01/18,0,11000,0,11000
2008/01/21,0,0,0,0
2008/01/22,0,0,0,0
2008/01/23,0,0,0,0
2008/01/24,0,0,0,0
2008/01/25,0,0,0,0
2008/01/28,0,0,0,0
2008/01/29,0,0,0,0
2008/01/30,0,0,0,0
2008/01/31,0,0,0,0
2008/02/01,0,0,0,0
2008/02/04,0,0,0,0
2008/02/05,0,0,0,0
2008/02/06,0,0,0,0
2008/02/07,0,0,0,0
2008/02/08,0,0,0,0
2008/02/11,0,0,0,0
2008/02/12,0,0,0,0
2008/02/13,0,0,0,0
2008/02/14,0,0,0,0
2008/02/15,0,0,0,0
2008/02/18,0,128000,0,128000
2008/02/19,0,269000,0,269000
2008/02/20,0,28000,0,28000
2008/02/21,0,0,0,0
2008/02/22,0,0,0,0
2008/02/25,0,0,0,0
2008/02/26,0,0,0,0
2008/02/27,0,0,-200,-200
2008/02/28,0,0,0,0
2008/02/29,0,0,-2000,-2000
2008/03/03,0,0,0,0
2008/03/04,0,0,-151000,-151000
2008/03/05,0,0,0,0
2008/03/06,0,0,0,0
2008/03/07,0,0,0,0
2008/03/10,0,0,0,0
2008/03/11,0,0,0,0
2008/03/12,0,0,0,0
2008/03/13,0,0,0,0
2008/03/14,0,0,0,0
2008/03/17,0,0,0,0
2008/03/18,0,0,0,0
2008/03/19,0,0,0,0
2008/03/20,0,0,0,0
2008/03/21,0,5000,0,5000
2008/03/24,0,0,-130000,-130000
2008/03/25,0,0,-6000,-6000
2008/03/26,0,0,0,0
2008/03/27,0,0,-13000,-13000
2008/03/28,0,0,0,0
2008/03/31,0,0,0,0
2008/04/01,0,0,-5000,-5000
2008/04/02,0,90000,0,90000
2008/04/03,0,0,0,0
2008/04/04,0,0,0,0
2008/04/07,0,1000,0,1000
2008/04/08,0,1000,0,1000
2008/04/09,0,1000,0,1000
2008/04/10,0,0,0,0
2008/04/11,0,0,0,0
2008/04/14,0,0,0,0
2008/04/15,0,0,0,0
2008/04/16,0,0,-8000,-8000
2008/04/17,0,1000,0,1000
2008/04/18,0,0,-12000,-12000
2008/04/21,0,1000,0,1000
2008/04/22,0,1000,0,1000
2008/04/23,0,1000,0,1000
2008/04/24,0,2000,0,2000
2008/04/25,0,1000,0,1000
2008/04/28,0,12000,-28000,-16000
2008/04/29,0,1000,0,1000
2008/04/30,0,7000,0,7000
2008/05/01,0,0,0,0
2008/05/02,0,21000,0,21000
2008/05/05,0,1000,0,1000
2008/05/06,0,2000,0,2000
2008/05/07,0,2000,-6000,-4000
2008/05/08,0,28000,0,28000
2008/05/09,0,2000,0,2000
2008/05/12,0,3000,0,3000
2008/05/13,0,11000,-5000,6000
2008/05/14,0,37000,0,37000
2008/05/15,0,39000,0,39000
2008/05/16,0,0,0,0
2008/05/19,0,22000,0,22000
2008/05/20,0,0,-1000,-1000
2008/05/21,0,0,0,0
2008/05/22,0,2000,0,2000
2008/05/23,0,0,-1000,-1000
2008/05/26,0,0,0,0
2008/05/27,0,5000,0,5000
2008/05/28,0,2000,0,2000
2008/05/29,0,2000,0,2000
2008/05/30,0,1000,-406000,-405000
2008/06/02,0,23000,0,23000
2008/06/03,0,11000,0,11000
2008/06/04,0,2000,0,2000
2008/06/05,0,0,0,0
2008/06/06,0,1000,0,1000
2008/06/09,0,1000,0,1000
2008/06/10,0,0,0,0
2008/06/11,0,2000,0,2000
2008/06/12,0,3000,0,3000
2008/06/13,0,4000,0,4000
2008/06/16,0,0,-8000,-8000
2008/06/17,0,1000,0,1000
2008/06/18,0,0,0,0
2008/06/19,0,0,-1000,-1000
2008/06/20,0,0,-10000,-10000
2008/06/23,0,60000,0,60000
2008/06/24,0,1000,0,1000
2008/06/25,0,58000,-1000,57000
2008/06/26,0,0,0,0
2008/06/27,0,1000,0,1000
2008/06/30,0,574000,0,574000
2008/07/01,0,3000,0,3000
2008/07/02,0,0,-1000,-1000
2008/07/03,0,1000,-1000,0
2008/07/04,0,6000,0,6000
2008/07/07,0,14000,0,14000
2008/07/08,0,0,0,0
2008/07/09,0,0,-3000,-3000
2008/07/10,0,0,0,0
2008/07/11,0,12000,-14000,-2000
2008/07/14,0,1000,0,1000
2008/07/15,0,4000,0,4000
2008/07/16,0,13000,0,13000
2008/07/17,0,2000,0,2000
2008/07/18,0,0,-34000,-34000
2008/07/21,0,0,0,0
2008/07/22,0,5000,0,5000
2008/07/23,0,1000,-108000,-107000
2008/07/24,0,0,-11000,-11000
2008/07/25,0,0,-25000,-25000
2008/07/28,0,0,0,0
2008/07/29,0,2000,0,2000
2008/07/30,0,2000,-147000,-145000
2008/07/31,0,1000,0,1000
2008/08/01,0,8000,0,8000
2008/08/04,0,0,0,0
2008/08/05,0,1500000,0,1500000
2008/08/06,0,2000,0,2000
2008/08/07,0,0,-1200000,-1200000
2008/08/08,0,1331000,0,1331000
2008/08/11,0,1962000,0,1962000
2008/08/12,0,221000,-4000,217000
2008/08/13,0,0,0,0
2008/08/14,0,0,0,0
2008/08/15,0,1000000,0,1000000
2008/08/18,0,0,0,0
2008/08/19,0,0,-42000,-42000
2008/08/20,0,4000,-12000,-8000
2008/08/21,0,2000,-13000,-11000
2008/08/22,0,1000,0,1000
2008/08/25,0,358000,0,358000
2008/08/26,0,0,-2000,-2000
2008/08/27,0,0,0,0
2008/08/28,0,0,0,0
2008/08/29,0,2000,-17000,-15000
2008/09/01,0,4000,0,4000
2008/09/02,0,2000,0,2000
2008/09/03,0,34000,0,34000
2008/09/04,0,6000,0,6000
2008/09/05,0,4000,0,4000
2008/09/08,0,10000,0,10000
2008/09/09,0,7000,0,7000
2008/09/10,0,5000,0,5000
2008/09/11,0,0,0,0
2008/09/12,0,0,0,0
2008/09/15,0,0,0,0
2008/09/16,0,4000,0,4000
2008/09/17,0,0,-3000,-3000
2008/09/18,0,3000,0,3000
2008/09/19,0,0,-13000,-13000
2008/09/22,0,0,-420000,-420000
2008/09/23,0,44000,0,44000
2008/09/24,0,22000,-2000,20000
2008/09/25,0,0,-15000,-15000
2008/09/26,0,1000,0,1000
2008/09/29,0,0,0,0
2008/09/30,0,1000,0,1000
2008/10/01,0,1000,-6000,-5000
2008/10/02,0,1000,-5000,-4000
2008/10/03,0,55000,-12000,43000
2008/10/06,0,12000,0,12000
2008/10/07,0,0,-14000,-14000
2008/10/08,0,0,-5000,-5000
2008/10/09,0,30000,-3000,27000
2008/10/10,0,0,0,0
2008/10/13,0,0,0,0
2008/10/14,0,0,0,0
2008/10/15,0,5000,-15960,-10960
2008/10/16,0,12000,-9000,3000
2008/10/17,0,30000,-17000,13000
2008/10/20,0,0,0,0
2008/10/21,0,0,0,0
2008/10/22,0,0,0,0
2008/10/23,0,0,0,0
2008/10/24,0,0,-44000,-44000
2008/10/27,0,0,-35000,-35000
2008/10/28,0,0,-15000,-15000
2008/10/29,0,0,-3000,-3000
2008/10/30,0,0,-1000,-1000
2008/10/31,0,0,0,0
2008/11/03,0,19000,0,19000
2008/11/04,0,2000,0,2000
2008/11/05,0,3000,0,3000
2008/11/06,0,0,-2000,-2000
2008/11/07,0,0,0,0
2008/11/10,0,2000,0,2000
2008/11/11,0,2000,0,2000
2008/11/12,0,1000,-2000,-1000
2008/11/13,0,0,-6000,-6000
2008/11/14,0,0,-5000,-5000
2008/11/17,0,2000,0,2000
2008/11/18,0,0,-132640,-132640
2008/11/19,0,480000,0,480000
2008/11/20,0,0,0,0
2008/11/21,0,0,0,0
2008/11/24,0,5000,0,5000
2008/11/25,0,47000,0,47000
2008/11/26,0,1000,0,1000
2008/11/27,0,11000,0,11000
2008/11/28,0,0,0,0
2008/12/01,0,1004000,0,1004000
2008/12/02,0,1500000,0,1500000
2008/12/03,0,2187000,0,2187000
2008/12/04,0,1009000,-720,1008280
2008/12/05,0,0,0,0
2008/12/08,0,0,0,0
2008/12/09,0,125000,0,125000
2008/12/10,0,0,0,0
2008/12/11,0,156000,0,156000
2008/12/12,0,0,-78000,-78000
2008/12/15,0,0,-7000,-7000
2008/12/16,0,0,-2000,-2000
2008/12/17,0,10000,0,10000
2008/12/18,0,2024000,-5000,2019000
2008/12/19,0,0,-1000,-1000
2008/12/22,0,0,0,0
2008/12/23,0,4000,0,4000
2008/12/24,0,384000,0,384000
2008/12/25,0,6000,0,6000
2008/12/26,0,0,-294000,-294000
2008/12/29,0,0,0,0
2008/12/30,0,0,0,0
2008/12/31,0,0,0,0
2009/01/01,0,0,0,0
2009/01/02,0,0,0,0
2009/01/05,0,0,0,0
2009/01/06,0,78000,-480000,-402000
2009/01/07,0,0,0,0
2009/01/08,0,0,0,0
2009/01/09,0,19000,0,19000
2009/01/12,0,18000,0,18000
2009/01/13,0,263000,0,263000
2009/01/14,0,4000,0,4000
2009/01/15,0,0,-29000,-29000
2009/01/16,0,15000,0,15000
2009/01/19,0,0,-22000,-22000
2009/01/20,0,0,0,0
2009/01/21,0,0,-5000,-5000
2009/01/22,0,0,0,0
2009/01/23,0,0,0,0
2009/01/26,0,0,0,0
2009/01/27,0,0,0,0
2009/01/28,0,0,0,0
2009/01/29,0,0,0,0
2009/01/30,0,0,0,0
2009/02/02,0,0,0,0
2009/02/03,0,208000,0,208000
2009/02/04,0,8000,-24400,-16400
2009/02/05,0,0,0,0
2009/02/06,0,0,0,0
2009/02/09,0,0,-7000,-7000
2009/02/10,0,0,0,0
2009/02/11,0,0,-20000,-20000
2009/02/12,0,0,0,0
2009/02/13,0,0,0,0
2009/02/16,0,0,0,0
2009/02/17,0,0,0,0
2009/02/18,0,0,0,0
2009/02/19,0,0,0,0
2009/02/20,0,0,0,0
2009/02/23,0,0,-669000,-669000
2009/02/24,0,0,0,0
2009/02/25,0,0,0,0
2009/02/26,0,0,0,0
2009/02/27,0,17000,0,17000
2009/03/02,0,0,-623000,-623000
2009/03/03,0,0,0,0
2009/03/04,0,0,-2000,-2000
2009/03/05,0,0,-1310000,-1310000
2009/03/06,0,0,-290000,-290000
2009/03/09,0,0,-3000,-3000
2009/03/10,0,92000,0,92000
2009/03/11,0,0,0,0
2009/03/12,0,0,-801000,-801000
2009/03/13,0,0,-1393000,-1393000
2009/03/16,0,200000,-9000,191000
2009/03/17,0,0,-14000,-14000
2009/03/18,0,0,-93000,-93000
2009/03/19,0,180000,0,180000
2009/03/20,0,120000,-10000,110000
2009/03/23,0,263000,-7000,256000
2009/03/24,0,0,-32000,-32000
2009/03/25,0,0,-2445000,-2445000
2009/03/26,0,0,-55000,-55000
2009/03/27,0,0,-52000,-52000
2009/03/30,0,0,-9000,-9000
2009/03/31,0,0,-11000,-11000
2009/04/01,0,0,0,0
2009/04/02,0,0,-45000,-45000
2009/04/03,0,0,-13000,-13000
2009/04/06,0,0,-4000,-4000
2009/04/07,0,12000,0,12000
2009/04/08,0,0,-4000,-4000
2009/04/09,0,0,-4000,-4000
2009/04/10,0,0,0,0
2009/04/13,0,700000,-14000,686000
2009/04/14,0,0,-17000,-17000
2009/04/15,0,0,0,0
2009/04/16,0,800000,-24000,776000
2009/04/17,0,0,-24000,-24000
2009/04/20,0,174000,0,174000
2009/04/21,0,12000,0,12000
2009/04/22,0,0,0,0
2009/04/23,0,0,-7000,-7000
2009/04/24,0,0,-3000,-3000
2009/04/27,0,3000,-800000,-797000
2009/04/28,0,55000,0,55000
2009/04/29,0,0,0,0
2009/04/30,0,0,0,0
2009/05/01,0,0,0,0
2009/05/04,0,0,0,0
2009/05/05,0,226000,-264000,-38000
2009/05/06,0,2000,-74000,-72000
2009/05/07,0,0,-37000,-37000
2009/05/08,0,0,-53000,-53000
2009/05/11,0,0,0,0
2009/05/12,0,4000,0,4000
2009/05/13,0,83000,-69000,14000
2009/05/14,0,0,0,0
2009/05/15,0,26000,0,26000
2009/05/18,0,0,-22000,-22000
2009/05/19,0,6000,0,6000
2009/05/20,0,718000,-10000,708000
2009/05/21,0,0,0,0
2009/05/22,0,0,-11000,-11000
2009/05/25,0,0,-10000,-10000
2009/05/26,0,0,-843000,-843000
2009/05/27,0,0,-351000,-351000
2009/05/28,0,0,0,0
2009/05/29,0,0,0,0
2009/06/01,0,0,-169000,-169000
2009/06/02,0,700000,-41000,659000
2009/06/03,0,2300000,-472000,1828000
2009/06/04,0,0,0,0
2009/06/05,0,0,0,0
2009/06/08,0,0,0,0
2009/06/09,0,0,-451000,-451000
2009/06/10,0,753000,0,753000
2009/06/11,0,226000,0,226000
2009/06/12,0,0,0,0
2009/06/15,0,186000,0,186000
2009/06/16,0,1011000,0,1011000
2009/06/17,0,252000,-2000000,-1748000
2009/06/18,0,9000,-2000000,-1991000
2009/06/19,0,46000,0,46000
2009/06/22,0,9000,0,9000
2009/06/23,0,0,-10000,-10000
2009/06/24,0,3000,0,3000
2009/06/25,0,2000,-1660000,-1658000
2009/06/26,0,0,0,0
2009/06/29,0,0,0,0
2009/06/30,0,0,-200000,-200000
2009/07/01,0,0,0,0
2009/07/02,0,8000,0,8000
2009/07/03,0,0,-16000,-16000
2009/07/06,0,0,-2000,-2000
2009/07/07,0,4000,0,4000
2009/07/08,0,10000000,-3000,9997000
2009/07/09,0,5000000,0,5000000
2009/07/10,0,5000000,-6000,4994000
2009/07/13,0,0,-7000,-7000
2009/07/14,0,1000000,-20000,980000
2009/07/15,0,1413000,0,1413000
2009/07/16,0,700000,-5000,695000
2009/07/17,0,160000,-34000,126000
2009/07/20,0,0,0,0
2009/07/21,0,7000000,-560000,6440000
2009/07/22,0,0,-3000,-3000
2009/07/23,0,0,-6000,-6000
2009/07/24,0,0,-5000,-5000
2009/07/27,0,0,0,0
2009/07/28,0,0,0,0
2009/07/29,0,0,0,0
2009/07/30,0,0,-6000,-6000
2009/07/31,0,1643000,-37000,1606000
2009/08/03,0,0,0,0
2009/08/04,0,900000,0,900000
2009/08/05,0,738000,0,738000
2009/08/06,0,0,0,0
2009/08/07,0,0,0,0
2009/08/10,0,257000,-4000,253000
2009/08/11,0,5000,0,5000
2009/08/12,0,249000,-70000,179000
2009/08/13,0,900000,0,900000
2009/08/14,0,0,0,0
2009/08/17,0,102000,-2000,100000
2009/08/18,0,5000,-31000,-26000
2009/08/19,0,3000,0,3000
2009/08/20,0,3000,0,3000
2009/08/21,0,0,0,0
2009/08/24,0,939000,0,939000
2009/08/25,0,0,0,0
2009/08/26,0,79000,0,79000
2009/08/27,0,13000,0,13000
2009/08/28,0,0,-188000,-188000
2009/08/31,0,18000,-1000000,-982000
2009/09/01,0,79000,0,79000
2009/09/02,0,53000,0,53000
2009/09/03,0,0,-1706000,-1706000
2009/09/04,0,0,-6000,-6000
2009/09/07,0,0,-6000,-6000
2009/09/08,0,398000,0,398000
2009/09/09,0,3641000,0,3641000
2009/09/10,0,1717000,-247000,1470000
2009/09/11,0,500000,0,500000
2009/09/14,0,0,-63000,-63000
2009/09/15,0,0,0,0
2009/09/16,0,23000,-88000,-65000
2009/09/17,0,0,0,0
2009/09/18,0,600000,-7000,593000
2009/09/21,0,0,-46000,-46000
2009/09/22,0,0,0,0
2009/09/23,0,0,-3000,-3000
2009/09/24,0,0,-54000,-54000
2009/09/25,0,1494000,0,1494000
2009/09/28,0,0,0,0
2009/09/29,0,7000,-22000,-15000
2009/09/30,0,3413000,-807640,2605360
2009/10/01,0,4932000,-2603000,2329000
2009/10/02,0,850000,-1054000,-204000
2009/10/05,0,0,-30000,-30000
2009/10/06,0,150000,-2188000,-2038000
2009/10/07,0,3138000,-654000,2484000
2009/10/08,0,2991000,-179000,2812000
2009/10/09,0,1232000,0,1232000
2009/10/12,0,0,-500000,-500000
2009/10/13,0,7000,-1400000,-1393000
2009/10/14,0,0,0,0
2009/10/15,0,402000,-1386410,-984410
2009/10/16,0,246000,-17800,228200
2009/10/19,0,10000,-21000,-11000
2009/10/20,0,0,-394000,-394000
2009/10/21,0,25000,-409310,-384310
2009/10/22,0,0,0,0
2009/10/23,0,0,0,0
2009/10/26,0,50000,0,50000
2009/10/27,0,4000,-600000,-596000
2009/10/28,0,2377000,-4003000,-1626000
2009/10/29,0,3000,-2859000,-2856000
2009/10/30,0,502000,-6229000,-5727000
2009/11/02,0,888000,-22000,866000
2009/11/03,0,445000,0,445000
2009/11/04,0,3037000,-3280750,-243750
2009/11/05,0,5000,-1602000,-1597000
2009/11/06,0,2000,-32000,-30000
2009/11/09,0,505000,0,505000
2009/11/10,0,39000,-1319000,-1280000
2009/11/11,0,0,-21000,-21000
2009/11/12,0,37000,-281000,-244000
2009/11/13,0,0,-7000,-7000
2009/11/16,0,500000,-6000,494000
2009/11/17,0,0,-503000,-503000
2009/11/18,0,0,-8000,-8000
2009/11/19,0,0,-731000,-731000
2009/11/20,0,0,-4741000,-4741000
2009/11/23,0,32000,-24000,8000
2009/11/24,0,0,0,0
2009/11/25,0,710000,0,710000
2009/11/26,0,3177000,-21000,3156000
2009/11/27,0,0,-500000,-500000
2009/11/30,0,0,-10000,-10000
2009/12/01,0,441000,0,441000
2009/12/02,0,0,-2548000,-2548000
2009/12/03,0,0,0,0
2009/12/04,0,0,-151000,-151000
2009/12/07,0,0,0,0
2009/12/08,0,0,0,0
2009/12/09,0,0,-2617000,-2617000
2009/12/10,0,0,-17000,-17000
2009/12/11,0,5000,0,5000
2009/12/14,0,0,-13000,-13000
2009/12/15,0,0,0,0
2009/12/16,0,0,-794000,-794000
2009/12/17,0,0,-36000,-36000
2009/12/18,0,0,-1000,-1000
2009/12/21,0,0,0,0
2009/12/22,0,4966000,-967000,3999000
2009/12/23,0,0,0,0
2009/12/24,0,0,-600000,-600000
2009/12/25,0,0,-8000,-8000
2009/12/28,0,781000,-2800000,-2019000
2009/12/29,0,38000,-3600000,-3562000
2009/12/30,0,8000,0,8000
2009/12/31,0,0,-1000,-1000
2010/01/01,0,0,0,0
2010/01/04,0,8000,0,8000
2010/01/05,0,0,-2000,-2000
2010/01/06,0,0,0,0
2010/01/07,0,187000,-4000,183000
2010/01/08,0,144000,-6000,138000
2010/01/11,0,0,0,0
2010/01/12,0,0,-7000,-7000
2010/01/13,0,0,-1000,-1000
2010/01/14,0,0,0,0
2010/01/15,0,0,-11000,-11000
2010/01/18,0,14000,0,14000
2010/01/19,0,0,-19000,-19000
2010/01/20,0,0,-5000,-5000
2010/01/21,0,0,-2762000,-2762000
2010/01/22,0,0,0,0
2010/01/25,0,0,-8000,-8000
2010/01/26,0,0,-187000,-187000
2010/01/27,0,22000,-1299000,-1277000
2010/01/28,0,7000,-3000,4000
2010/01/29,0,8000,0,8000
2010/02/01,0,9000,-433000,-424000
2010/02/02,0,0,0,0
2010/02/03,0,4000,-3000,1000
2010/02/04,0,5000,-1127000,-1122000
2010/02/05,0,5000,-1464000,-1459000
2010/02/08,0,9000,-374000,-365000
2010/02/09,0,8000,0,8000
2010/02/10,0,0,0,0
2010/02/11,0,0,0,0
2010/02/12,0,0,0,0
2010/02/15,0,0,0,0
2010/02/16,0,0,0,0
2010/02/17,0,0,0,0
2010/02/18,0,0,0,0
2010/02/19,0,0,0,0
2010/02/22,0,7000,0,7000
2010/02/23,0,9000,0,9000
2010/02/24,0,2000,0,2000
2010/02/25,0,1000,0,1000
2010/02/26,0,7000,-1547000,-1540000
2010/03/01,0,5000,-1853000,-1848000
2010/03/02,0,0,0,0
2010/03/03,0,0,0,0
2010/03/04,0,0,-5000,-5000
2010/03/05,0,0,-3000,-3000
2010/03/08,0,0,0,0
2010/03/09,0,0,-1150000,-1150000
2010/03/10,0,0,-6000,-6000
2010/03/11,0,0,0,0
2010/03/12,0,0,-2275000,-2275000
2010/03/15,0,0,0,0
2010/03/16,0,0,0,0
2010/03/17,0,28000,0,28000
2010/03/18,0,0,-3000,-3000
2010/03/19,0,0,-6000,-6000
2010/03/22,0,0,-3000,-3000
2010/03/23,0,3000,-4000,-1000
2010/03/24,0,0,-2000,-2000
2010/03/25,0,0,-3000,-3000
2010/03/26,0,0,0,0
2010/03/29,0,4000,0,4000
2010/03/30,0,0,-1499000,-1499000
2010/03/31,0,0,-19000,-19000
2010/04/01,0,0,0,0
2010/04/02,0,158000,-1230000,-1072000
2010/04/05,0,0,0,0
2010/04/06,0,0,-2000,-2000
2010/04/07,0,0,0,0
2010/04/08,0,0,0,0
2010/04/09,0,0,-2000,-2000
2010/04/12,0,0,-688000,-688000
2010/04/13,0,0,-801000,-801000
2010/04/14,0,2000,-2604000,-2602000
2010/04/15,0,0,-2003000,-2003000
2010/04/16,0,0,-354000,-354000
2010/04/19,0,0,-15,-15
2010/04/20,0,2000,-7000,-5000
2010/04/21,0,0,0,0
2010/04/22,0,0,0,0
2010/04/23,0,0,0,0
2010/04/26,0,0,0,0
2010/04/27,0,0,-2000,-2000
2010/04/28,0,0,-2000,-2000
2010/04/29,0,0,0,0
2010/04/30,0,0,0,0
2010/05/03,0,0,0,0
2010/05/04,0,0,0,0
2010/05/05,0,0,-10000,-10000
2010/05/06,0,0,0,0
2010/05/07,0,266000,-1000,265000
2010/05/10,0,94000,0,94000
2010/05/11,0,4000,0,4000
2010/05/12,0,0,0,0
2010/05/13,0,2000,0,2000
2010/05/14,0,0,-158000,-158000
2010/05/17,0,0,-1000,-1000
2010/05/18,0,0,0,0
2010/05/19,0,0,0,0
2010/05/20,0,5000,0,5000
2010/05/21,0,0,0,0
2010/05/24,0,217000,-6000,211000
2010/05/25,0,2000,0,2000
2010/05/26,0,5000,-139000,-134000
2010/05/27,0,6000,0,6000
2010/05/28,0,0,-4000,-4000
2010/05/31,0,0,-2000,-2000
2010/06/01,0,1000,0,1000
2010/06/02,0,0,0,0
2010/06/03,0,0,0,0
2010/06/04,0,0,0,0
2010/06/07,0,0,0,0
2010/06/08,0,4000,-1000,3000
2010/06/09,0,0,0,0
2010/06/10,0,6000,-1000,5000
2010/06/11,0,0,0,0
2010/06/14,0,2000,-5000,-3000
2010/06/15,0,290000,0,290000
2010/06/16,0,0,0,0
2010/06/17,0,0,-1000,-1000
2010/06/18,0,0,-4000,-4000
2010/06/21,0,0,0,0
2010/06/22,0,0,-5000,-5000
2010/06/23,0,0,-3000,-3000
2010/06/24,0,0,-16000,-16000
2010/06/25,0,0,-57000,-57000
2010/06/28,0,0,-15000,-15000
2010/06/29,0,6000,0,6000
2010/06/30,0,70000,0,70000
2010/07/01,0,200000,0,200000
2010/07/02,0,3000,0,3000
2010/07/05,0,0,0,0
2010/07/06,0,3000,0,3000
2010/07/07,0,1270000,0,1270000
2010/07/08,0,150000,0,150000
2010/07/09,0,0,0,0
2010/07/12,0,1300000,0,1300000
2010/07/13,0,0,0,0
2010/07/14,0,205000,0,205000
2010/07/15,0,22000,0,22000
2010/07/16,0,3083000,0,3083000
2010/07/19,0,1027000,-13000,1014000
2010/07/20,0,0,0,0
2010/07/21,0,0,-4000,-4000
2010/07/22,0,1886000,-750000,1136000
2010/07/23,0,0,0,0
2010/07/26,0,0,-750000,-750000
2010/07/27,0,33000,0,33000
2010/07/28,0,728000,0,728000
2010/07/29,0,17000,0,17000
2010/07/30,0,0,-5000,-5000
2010/08/02,0,19000,0,19000
2010/08/03,0,0,0,0
2010/08/04,0,1000,-12000,-11000
2010/08/05,0,589000,-12000,577000
2010/08/06,0,752000,-9000,743000
2010/08/09,0,263000,0,263000
2010/08/10,0,7000,0,7000
2010/08/11,0,0,0,0
2010/08/12,0,54000,-15000,39000
2010/08/13,0,0,-4000,-4000
2010/08/16,0,0,-22000,-22000
2010/08/17,0,2000,0,2000
2010/08/18,0,0,-3000,-3000
2010/08/19,0,0,-2000,-2000
2010/08/20,0,7000,-1700000,-1693000
2010/08/23,0,0,-4300000,-4300000
2010/08/24,0,3000,-3444000,-3441000
2010/08/25,0,22000,-5000,17000
2010/08/26,0,0,-4000,-4000
2010/08/27,0,3000,0,3000
2010/08/30,0,156000,0,156000
2010/08/31,0,310000,-143000,167000
2010/09/01,0,0,-2000000,-2000000
2010/09/02,0,10000,0,10000
2010/09/03,0,100000,0,100000
2010/09/06,0,0,0,0
2010/09/07,0,9000,-1133000,-1124000
2010/09/08,0,516000,0,516000
2010/09/09,0,466000,0,466000
2010/09/10,0,21000,0,21000
2010/09/13,0,0,0,0
2010/09/14,0,88000,0,88000
2010/09/15,0,14000,0,14000
2010/09/16,0,0,-13000,-13000
2010/09/17,0,0,-8000,-8000
2010/09/20,0,0,-3000,-3000
2010/09/21,0,253000,-6000,247000
2010/09/22,0,0,0,0
2010/09/23,0,0,-504829,-504829
2010/09/24,0,0,-7000,-7000
2010/09/27,0,252000,-3000,249000
2010/09/28,0,166000,0,166000
2010/09/29,0,0,0,0
2010/09/30,0,0,-16000,-16000
2010/10/01,0,0,0,0
2010/10/04,0,0,0,0
2010/10/05,0,0,0,0
2010/10/06,0,0,-14000,-14000
2010/10/07,0,1932000,0,1932000
2010/10/08,0,100000,-243000,-143000
2010/10/11,0,0,-300000,-300000
2010/10/12,0,0,-4000,-4000
2010/10/13,0,0,-5000,-5000
2010/10/14,0,8000,-16000,-8000
2010/10/15,0,0,-12000,-12000
2010/10/18,0,0,-3000,-3000
2010/10/19,0,11000,-20000,-9000
2010/10/20,0,0,0,0
2010/10/21,0,0,0,0
2010/10/22,0,0,-30000,-30000
2010/10/25,0,0,0,0
2010/10/26,0,0,-1000,-1000
2010/10/27,0,6000,0,6000
2010/10/28,0,0,-1280000,-1280000
2010/10/29,0,0,0,0
2010/11/01,0,0,-42000,-42000
2010/11/02,0,0,0,0
2010/11/03,0,0,0,0
2010/11/04,0,0,0,0
2010/11/05,0,23000,-363919,-340919
2010/11/08,0,184000,-43000,141000
2010/11/09,0,83000,0,83000
2010/11/10,0,0,-5000,-5000
2010/11/11,0,7000,0,7000
2010/11/12,0,0,-13000,-13000
2010/11/15,0,0,-1000,-1000
2010/11/16,0,0,-9000,-9000
2010/11/17,0,0,-4000,-4000
2010/11/18,0,0,0,0
2010/11/19,0,0,0,0
2010/11/22,0,0,-74000,-74000
2010/11/23,0,0,-3000,-3000
2010/11/24,0,0,0,0
2010/11/25,0,0,-2000,-2000
2010/11/26,0,0,0,0
2010/11/29,0,0,0,0
2010/11/30,0,500000,-117000,383000
2010/12/01,0,0,-10000,-10000
2010/12/02,0,0,-12000,-12000
2010/12/03,0,0,-9000,-9000
2010/12/06,0,0,-25000,-25000
2010/12/07,0,0,-607000,-607000
2010/12/08,0,0,-9000,-9000
2010/12/09,0,0,-4000,-4000
2010/12/10,0,0,0,0
2010/12/13,0,0,-3000,-3000
2010/12/14,0,0,0,0
2010/12/15,0,0,0,0
2010/12/16,0,0,-6000,-6000
2010/12/17,0,0,-110000,-110000
2010/12/20,0,0,-6000,-6000
2010/12/21,0,2000,0,2000
2010/12/22,0,5000,0,5000
2010/12/23,0,0,0,0
2010/12/24,0,0,0,0
2010/12/27,0,0,-4000,-4000
2010/12/28,0,1250000,-6000,1244000
2010/12/29,0,314000,0,314000
2010/12/30,0,0,-143000,-143000
2010/12/31,0,1295000,-110000,1185000
2011/01/03,0,2223000,0,2223000
2011/01/04,0,0,-787257,-787257
2011/01/05,0,0,0,0
2011/01/06,0,0,-140000,-140000
2011/01/07,0,0,-400000,-400000
2011/01/10,0,83000,-5000,78000
2011/01/11,0,0,0,0
2011/01/12,0,0,0,0
2011/01/13,0,0,0,0
2011/01/14,0,0,-14000,-14000
2011/01/17,0,0,0,0
2011/01/18,0,0,0,0
2011/01/19,0,0,-13000,-13000
2011/01/20,0,0,-4000,-4000
2011/01/21,0,0,-20000,-20000
2011/01/24,0,0,0,0
2011/01/25,0,3000,-753000,-750000
2011/01/26,0,0,-17000,-17000
2011/01/27,0,0,-1002000,-1002000
2011/01/28,0,196000,-994000,-798000
2011/01/31,0,0,0,0
2011/02/01,0,0,0,0
2011/02/02,0,0,0,0
2011/02/03,0,0,0,0
2011/02/04,0,0,0,0
2011/02/07,0,0,0,0
2011/02/08,0,0,0,0
2011/02/09,0,0,0,0
2011/02/10,0,0,-3000,-3000
2011/02/11,0,10000,0,10000
2011/02/14,0,3000,0,3000
2011/02/15,0,7000,0,7000
2011/02/16,0,0,0,0
2011/02/17,0,0,-122000,-122000
2011/02/18,0,759000,0,759000
2011/02/21,0,0,-4000,-4000
2011/02/22,0,0,0,0
2011/02/23,0,9000,0,9000
2011/02/24,0,4000,0,4000
2011/02/25,0,7000,-395000,-388000
2011/02/28,0,0,0,0
2011/03/01,0,0,-1000912,-1000912
2011/03/02,0,0,-1000,-1000
2011/03/03,0,0,0,0
2011/03/04,0,3590000,-72000,3518000
2011/03/07,0,0,0,0
2011/03/08,0,0,0,0
2011/03/09,0,10000,0,10000
2011/03/10,0,0,-766000,-766000
2011/03/11,0,0,-65000,-65000
2011/03/14,0,405000,0,405000
2011/03/15,0,3000,0,3000
2011/03/16,0,0,0,0
2011/03/17,0,19000,0,19000
2011/03/18,0,0,-550000,-550000
2011/03/21,0,0,0,0
2011/03/22,0,0,0,0
2011/03/23,0,0,0,0
2011/03/24,0,1006000,0,1006000
2011/03/25,0,500000,0,500000
2011/03/28,0,0,0,0
2011/03/29,0,0,0,0
2011/03/30,0,57000,0,57000
2011/03/31,0,75000,-9000,66000
2011/04/01,0,860000,-122000,738000
2011/04/04,0,0,0,0
2011/04/05,0,0,0,0
2011/04/06,0,0,0,0
2011/04/07,0,353000,0,353000
2011/04/08,0,650000,0,650000
2011/04/11,0,363000,0,363000
2011/04/12,0,0,-5000,-5000
2011/04/13,0,0,0,0
2011/04/14,0,0,-3000,-3000
2011/04/15,0,0,0,0
2011/04/18,0,0,0,0
2011/04/19,0,5000,-1000,4000
2011/04/20,0,0,0,0
2011/04/21,0,0,-18000,-18000
2011/04/22,0,0,0,0
2011/04/25,0,0,-4000,-4000
2011/04/26,0,0,-4000,-4000
2011/04/27,0,427000,0,427000
2011/04/28,0,0,0,0
2011/04/29,0,0,0,0
2011/05/02,0,0,0,0
2011/05/03,0,39000,-1000,38000
2011/05/04,0,459000,0,459000
2011/05/05,0,2250000,0,2250000
2011/05/06,0,1929000,0,1929000
2011/05/09,0,1181000,0,1181000
2011/05/10,0,850000,0,850000
2011/05/11,0,0,0,0
2011/05/12,0,10000,-2000,8000
2011/05/13,0,0,-7000,-7000
2011/05/16,0,4000,0,4000
2011/05/17,0,0,0,0
2011/05/18,0,505000,0,505000
2011/05/19,0,2000,-2253000,-2251000
2011/05/20,0,0,-1000,-1000
2011/05/23,0,3108000,-2000,3106000
2011/05/24,0,1818000,0,1818000
2011/05/25,0,1481000,0,1481000
2011/05/26,0,0,0,0
2011/05/27,0,0,-4000,-4000
2011/05/30,0,2000,-645000,-643000
2011/05/31,0,0,-198000,-198000
2011/06/01,0,0,-1288916,-1288916
2011/06/02,0,39000,0,39000
2011/06/03,0,0,0,0
2011/06/06,0,0,0,0
2011/06/07,0,47000,0,47000
2011/06/08,0,3000,0,3000
2011/06/09,0,0,0,0
2011/06/10,0,0,0,0
2011/06/13,0,0,0,0
2011/06/14,0,747000,0,747000
2011/06/15,0,75000,0,75000
2011/06/16,0,0,0,0
2011/06/17,0,365000,-19000,346000
2011/06/20,0,7000,-2000,5000
2011/06/21,0,10000,0,10000
2011/06/22,0,6000,0,6000
2011/06/23,0,1067000,0,1067000
2011/06/24,0,5000,0,5000
2011/06/27,0,4000,0,4000
2011/06/28,0,51000,-5000,46000
2011/06/29,0,40000,0,40000
2011/06/30,0,6000,0,6000
2011/07/01,0,231000,-50000,181000
2011/07/04,0,0,0,0
2011/07/05,0,269000,-2000,267000
2011/07/06,0,0,-1895000,-1895000
2011/07/07,0,0,-1747000,-1747000
2011/07/08,0,0,-1904000,-1904000
2011/07/11,0,0,-622000,-622000
2011/07/12,0,4000,0,4000
2011/07/13,0,10000,-1200000,-1190000
2011/07/14,0,10000,-1098000,-1088000
2011/07/15,0,11000,0,11000
2011/07/18,0,3000,0,3000
2011/07/19,0,86000,0,86000
2011/07/20,0,392000,-930000,-538000
2011/07/21,0,3000,0,3000
2011/07/22,0,0,-10000,-10000
2011/07/25,0,0,-12000,-12000
2011/07/26,0,5000,0,5000
2011/07/27,0,0,-8000,-8000
2011/07/28,0,0,-11000,-11000
2011/07/29,0,983000,0,983000
2011/08/01,0,3657000,0,3657000
2011/08/02,0,641000,-25000,616000
2011/08/03,0,19000,-7000,12000
2011/08/04,0,1981000,0,1981000
2011/08/05,0,336000,0,336000
2011/08/08,0,163000,0,163000
2011/08/09,0,545000,0,545000
2011/08/10,0,128000,-10000,118000
2011/08/11,0,43000,0,43000
2011/08/12,0,3000,-15000,-12000
2011/08/15,0,156000,0,156000
2011/08/16,0,1414000,-42000,1372000
2011/08/17,0,0,-4000,-4000
2011/08/18,0,190000,0,190000
2011/08/19,0,61000,-18000,43000
2011/08/22,0,100000,0,100000
2011/08/23,0,207000,-1584000,-1377000
2011/08/24,0,316000,-1727000,-1411000
2011/08/25,0,1600000,0,1600000
2011/08/26,0,262000,-22000,240000
2011/08/29,0,396000,0,396000
2011/08/30,0,176000,0,176000
2011/08/31,0,135000,-1619226,-1484226
2011/09/01,0,873000,-275000,598000
2011/09/02,0,438000,-8000,430000
2011/09/05,0,505000,-6000,499000
2011/09/06,0,0,-766000,-766000
2011/09/07,0,172000,0,172000
2011/09/08,0,50000,0,50000
2011/09/09,0,26000,-247000,-221000
2011/09/12,0,0,0,0
2011/09/13,0,39000,-5632,33368
2011/09/14,0,77000,-1113000,-1036000
2011/09/15,0,157000,-27000,130000
2011/09/16,0,2556000,-8000,2548000
2011/09/19,0,3684000,0,3684000
2011/09/20,0,95000,-1000,94000
2011/09/21,0,373000,-13983,359017
2011/09/22,0,0,-8000,-8000
2011/09/23,0,7000,-1528000,-1521000
2011/09/26,0,26000,0,26000
2011/09/27,0,10000,0,10000
2011/09/28,0,0,-378000,-378000
2011/09/29,0,32000,0,32000
2011/09/30,0,0,-312488,-312488
2011/10/03,0,0,-2000,-2000
2011/10/04,0,4000,-1471000,-1467000
2011/10/05,0,31000,0,31000
2011/10/06,0,48000,0,48000
2011/10/07,0,1254000,0,1254000
2011/10/10,0,0,0,0
2011/10/11,0,0,0,0
2011/10/12,0,0,0,0
2011/10/13,0,1000,0,1000
2011/10/14,0,1000,-1144000,-1143000
2011/10/17,0,0,-1339737,-1339737
2011/10/18,0,8000,-1595224,-1587224
2011/10/19,0,258000,0,258000
2011/10/20,0,130000,0,130000
2011/10/21,0,1882000,0,1882000
2011/10/24,0,908000,-1000,907000
2011/10/25,0,1130000,-153086,976914
2011/10/26,0,93000,0,93000
2011/10/27,0,6000,0,6000
2011/10/28,0,9000,-2265000,-2256000
2011/10/31,0,2000,-9000,-7000
2011/11/01,0,0,-7000,-7000
2011/11/02,0,15000,-3404061,-3389061
2011/11/03,0,3000,-1250000,-1247000
2011/11/04,0,828000,-80000,748000
2011/11/07,0,0,-245344,-245344
2011/11/08,0,272000,-2033000,-1761000
2011/11/09,0,0,0,0
2011/11/10,0,2000,0,2000
2011/11/11,0,0,-2000,-2000
2011/11/14,0,21434,0,21434
2011/11/15,0,0,-2000,-2000
2011/11/16,0,0,0,0
2011/11/17,0,169000,0,169000
2011/11/18,0,7000,0,7000
2011/11/21,0,11000,0,11000
2011/11/22,0,2006000,-634000,1372000
2011/11/23,0,519000,0,519000
2011/11/24,0,18000,-298000,-280000
2011/11/25,0,15000,0,15000
2011/11/28,0,5000,-866000,-861000
2011/11/29,0,36000,-484579,-448579
2011/11/30,0,194000,-2000,192000
2011/12/01,0,0,-11000,-11000
2011/12/02,0,1000000,-649,999351
2011/12/05,0,10000,-89000,-79000
2011/12/06,0,0,0,0
2011/12/07,0,5000,0,5000
2011/12/08,0,6000,-22000,-16000
2011/12/09,0,0,-11031,-11031
2011/12/12,0,0,-39,-39
2011/12/13,0,0,0,0
2011/12/14,0,0,-79000,-79000
2011/12/15,0,0,-82000,-82000
2011/12/16,0,26000,-8000,18000
2011/12/19,0,6000,0,6000
2011/12/20,0,6000,-234000,-228000
2011/12/21,0,0,-320000,-320000
2011/12/22,0,669000,-311000,358000
2011/12/23,0,0,-232931,-232931
2011/12/26,0,0,-1163,-1163
2011/12/27,0,12000,0,12000
2011/12/28,0,0,-248000,-248000
2011/12/29,0,340000,0,340000
2011/12/30,0,0,-10000,-10000
2012/01/02,0,13000,0,13000
2012/01/03,0,0,-442000,-442000
2012/01/04,0,0,0,0
2012/01/05,0,23238,-3000,20238
2012/01/06,0,0,-4000,-4000
2012/01/09,0,0,-1000,-1000
2012/01/10,0,0,-2000,-2000
2012/01/11,0,0,-7000,-7000
2012/01/12,0,0,-28000,-28000
2012/01/13,0,86000,-187000,-101000
2012/01/16,0,20000,-6000,14000
2012/01/17,0,117000,-337000,-220000
2012/01/18,0,202000,-15000,187000
2012/01/19,0,0,0,0
2012/01/20,0,0,0,0
2012/01/23,0,0,0,0
2012/01/24,0,0,0,0
2012/01/25,0,0,0,0
2012/01/26,0,0,0,0
2012/01/27,0,0,0,0
2012/01/30,0,0,-26000,-26000
2012/01/31,0,5000,-2000,3000
2012/02/01,0,9848000,-18000,9830000
2012/02/02,0,965000,-8000,957000
2012/02/03,0,0,-510000,-510000
2012/02/06,0,5246000,-18000,5228000
2012/02/07,0,1000000,-895000,105000
2012/02/08,0,1047000,-4000,1043000
2012/02/09,0,100000,-78666,21334
2012/02/10,0,100000,-280000,-180000
2012/02/13,0,700000,-1600000,-900000
2012/02/14,0,69000,-1701000,-1632000
2012/02/15,0,1300000,-14000,1286000
2012/02/16,0,1000,-1000,0
2012/02/17,0,990000,0,990000
2012/02/20,0,0,-4600,-4600
2012/02/21,0,0,-140000,-140000
2012/02/22,0,0,-40000,-40000
2012/02/23,0,0,-103000,-103000
2012/02/24,0,0,-14000,-14000
2012/02/27,0,0,0,0
2012/02/28,0,0,0,0
2012/02/29,0,3861000,-33000,3828000
2012/03/01,0,500000,0,500000
2012/03/02,0,621000,-7000,614000
2012/03/05,0,0,-2422000,-2422000
2012/03/06,0,14000000,-896000,13104000
2012/03/07,0,0,-36000,-36000
2012/03/08,0,500000,-19058,480942
2012/03/09,0,0,-3000,-3000
2012/03/12,0,0,-20000,-20000
2012/03/13,0,0,-454000,-454000
2012/03/14,0,1230000,-58000,1172000
2012/03/15,0,728000,-63000,665000
2012/03/16,0,0,-41000,-41000
2012/03/19,0,0,-20000,-20000
2012/03/20,0,0,-4000,-4000
2012/03/21,0,325000,0,325000
2012/03/22,0,55000,0,55000
2012/03/23,0,250000,0,250000
2012/03/26,0,584000,-1000,583000
2012/03/27,0,55000,-46000,9000
2012/03/28,0,0,0,0
2012/03/29,0,800000,0,800000
2012/03/30,0,0,-4000,-4000
2012/04/02,0,500000,-587000,-87000
2012/04/03,0,381000,0,381000
2012/04/04,0,0,0,0
2012/04/05,0,23186,-1060000,-1036814
2012/04/06,0,0,-1126000,-1126000
2012/04/09,0,0,-9000,-9000
2012/04/10,0,530000,0,530000
2012/04/11,0,0,0,0
2012/04/12,0,50000,0,50000
2012/04/13,0,0,0,0
2012/04/16,0,71000,0,71000
2012/04/17,0,692000,0,692000
2012/04/18,0,4260000,0,4260000
2012/04/19,0,4548000,0,4548000
2012/04/20,0,4533000,0,4533000
2012/04/23,0,2719000,0,2719000
2012/04/24,0,2024000,-27000,1997000
2012/04/25,0,500000,0,500000
2012/04/26,0,500000,0,500000
2012/04/27,0,0,0,0
2012/04/30,0,0,0,0
2012/05/01,0,0,0,0
2012/05/02,0,1515000,0,1515000
2012/05/03,0,0,-809,-809
2012/05/04,0,1651000,-29000,1622000
2012/05/07,0,0,-17000,-17000
2012/05/08,0,0,-1167000,-1167000
2012/05/09,0,339000,0,339000
2012/05/10,0,0,0,0
2012/05/11,0,150000,0,150000
2012/05/14,0,0,0,0
2012/05/15,0,17000,0,17000
2012/05/16,0,0,-1000,-1000
2012/05/17,0,191000,-1375000,-1184000
2012/05/18,0,1000000,-379000,621000
2012/05/21,0,250000,-30000,220000
2012/05/22,0,0,0,0
2012/05/23,0,0,-14000,-14000
2012/05/24,0,0,-905000,-905000
2012/05/25,0,0,0,0
2012/05/28,0,0,0,0
2012/05/29,0,362000,-44000,318000
2012/05/30,0,0,-39679,-39679
2012/05/31,0,0,-713000,-713000
2012/06/01,0,0,-872000,-872000
2012/06/04,0,9000,0,9000
2012/06/05,0,1106000,-2500000,-1394000
2012/06/06,0,450000,-510000,-60000
2012/06/07,0,0,-3230000,-3230000
2012/06/08,0,0,0,0
2012/06/11,0,300000,-1000000,-700000
2012/06/12,0,1719000,-1500000,219000
2012/06/13,0,18000,0,18000
2012/06/14,0,194000,0,194000
2012/06/15,0,85000,-167000,-82000
2012/06/18,0,20000,0,20000
2012/06/19,0,80000,0,80000
2012/06/20,0,0,0,0
2012/06/21,0,57000,0,57000
2012/06/22,0,0,0,0
2012/06/25,0,0,-25000,-25000
2012/06/26,0,15595,-9000,6595
2012/06/27,0,0,0,0
2012/06/28,0,0,-9000,-9000
2012/06/29,0,0,0,0
2012/07/02,0,2000,-6000,-4000
2012/07/03,0,4000,-1500000,-1496000
2012/07/04,0,1251000,0,1251000
2012/07/05,0,308000,-3000,305000
2012/07/06,0,0,-3536000,-3536000
2012/07/09,0,59000,-223000,-164000
2012/07/10,0,0,0,0
2012/07/11,0,2000,-300000,-298000
2012/07/12,0,751000,-390000,361000
2012/07/13,0,1972000,-110695,1861305
2012/07/16,0,1435000,-930000,505000
2012/07/17,0,836000,-2745000,-1909000
2012/07/18,0,0,-2000000,-2000000
2012/07/19,0,464000,-280000,184000
2012/07/20,0,0,-645000,-645000
2012/07/23,0,0,-455000,-455000
2012/07/24,0,0,-1000,-1000
2012/07/25,0,0,0,0
2012/07/26,0,4265000,0,4265000
2012/07/27,0,248000,-600000,-352000
2012/07/30,0,270000,0,270000
2012/07/31,0,361000,-3263000,-2902000
2012/08/01,0,433000,-4000,429000
2012/08/02,0,0,0,0
2012/08/03,0,0,0,0
2012/08/06,0,1184000,-3000,1181000
2012/08/07,0,1289000,-900000,389000
2012/08/08,0,142000,-1288000,-1146000
2012/08/09,0,62000,-461000,-399000
2012/08/10,0,584000,-210000,374000
2012/08/13,0,0,-538000,-538000
2012/08/14,0,1085000,-275000,810000
2012/08/15,0,1094000,0,1094000
2012/08/16,0,1530000,0,1530000
2012/08/17,0,262000,-262281,-281
2012/08/20,0,0,-40000,-40000
2012/08/21,0,0,0,0
2012/08/22,0,700000,0,700000
2012/08/23,0,4655000,-43000,4612000
2012/08/24,0,750000,0,750000
2012/08/27,0,2000,0,2000
2012/08/28,0,1692000,0,1692000
2012/08/29,0,0,0,0
2012/08/30,0,0,0,0
2012/08/31,0,616000,-121000,495000
2012/09/03,0,0,0,0
2012/09/04,0,0,0,0
2012/09/05,0,398000,-1100000,-702000
2012/09/06,0,7000,0,7000
2012/09/07,0,204000,0,204000
2012/09/10,0,0,0,0
2012/09/11,0,80000,0,80000
2012/09/12,0,5000,0,5000
2012/09/13,0,3000,0,3000
2012/09/14,0,2000,0,2000
2012/09/17,0,4623000,0,4623000
2012/09/18,0,970000,-65000,905000
2012/09/19,0,8000,0,8000
2012/09/20,0,0,0,0
2012/09/21,0,0,-3000,-3000
2012/09/24,0,2000,0,2000
2012/09/25,0,0,0,0
2012/09/26,0,500000,-400000,100000
2012/09/27,0,2000,-74000,-72000
2012/09/28,0,0,-3000,-3000
2012/10/01,0,3000,0,3000
2012/10/02,0,0,-1877000,-1877000
2012/10/03,0,0,-2688000,-2688000
2012/10/04,0,0,-830000,-830000
2012/10/05,0,60000,-1350000,-1290000
2012/10/08,0,193000,0,193000
2012/10/09,0,80000,-1635000,-1555000
2012/10/10,0,0,0,0
2012/10/11,0,0,-3163000,-3163000
2012/10/12,0,0,-401000,-401000
2012/10/15,0,0,-500000,-500000
2012/10/16,0,0,-2000,-2000
2012/10/17,0,5000,0,5000
2012/10/18,0,1742000,-800000,942000
2012/10/19,0,1517000,0,1517000
2012/10/22,0,0,-2100000,-2100000
2012/10/23,0,1000,-1515000,-1514000
2012/10/24,0,3127000,-2486750,640250
2012/10/25,0,1253000,-402000,851000
2012/10/26,0,861000,0,861000
2012/10/29,0,6327,-879258,-872931
2012/10/30,0,0,0,0
2012/10/31,0,2000000,-65000,1935000
2012/11/01,0,0,-557750,-557750
2012/11/02,0,365000,0,365000
2012/11/05,0,0,-8000,-8000
2012/11/06,0,0,0,0
2012/11/07,0,850000,-15000,835000
2012/11/08,0,0,-500000,-500000
2012/11/09,0,2886000,0,2886000
2012/11/12,0,3000,-218000,-215000
2012/11/13,0,1000,0,1000
2012/11/14,0,0,-2475000,-2475000
2012/11/15,0,0,0,0
2012/11/16,0,364000,-3830000,-3466000
2012/11/19,0,0,-104000,-104000
2012/11/20,0,0,0,0
2012/11/21,0,1467000,0,1467000
2012/11/22,0,4008000,-5006000,-998000
2012/11/23,0,2275000,0,2275000
2012/11/26,0,1055000,0,1055000
2012/11/27,0,0,-594000,-594000
2012/11/28,0,154000,-3000,151000
2012/11/29,0,1400000,0,1400000
2012/11/30,0,0,-210000,-210000
2012/12/03,0,0,-317000,-317000
2012/12/04,0,0,-626000,-626000
2012/12/05,0,0,-48000,-48000
2012/12/06,0,144000,-54000,90000
2012/12/07,0,110000,-21000,89000
2012/12/10,0,0,-2088000,-2088000
2012/12/11,0,0,-1499000,-1499000
2012/12/12,0,600000,-330000,270000
2012/12/13,0,2000,-17803,-15803
2012/12/14,0,1000,-329000,-328000
2012/12/17,0,0,-410000,-410000
2012/12/18,0,6000,-23000,-17000
2012/12/19,0,200000,-5619000,-5419000
2012/12/20,0,0,-6541000,-6541000
2012/12/21,0,31000,-3481250,-3450250
2012/12/24,0,0,-1315000,-1315000
2012/12/25,0,0,-667000,-667000
2012/12/26,0,0,-5753000,-5753000
2012/12/27,0,436000,-1242000,-806000
2012/12/28,0,0,-304000,-304000
2012/12/31,0,0,0,0
2013/01/01,0,0,0,0
2013/01/02,0,0,-1000000,-1000000
2013/01/03,0,105000,-1908000,-1803000
2013/01/04,0,0,-850000,-850000
2013/01/07,0,2000,-61000,-59000
2013/01/08,0,0,-46000,-46000
2013/01/09,0,0,-813000,-813000
2013/01/10,0,0,-1290000,-1290000
2013/01/11,0,0,-454000,-454000
2013/01/14,0,0,-300000,-300000
2013/01/15,0,0,-5000,-5000
2013/01/16,0,0,-229000,-229000
2013/01/17,0,0,-847415,-847415
2013/01/18,0,18000,-15000,3000
2013/01/21,0,0,-1238000,-1238000
2013/01/22,0,0,-405000,-405000
2013/01/23,0,0,-773000,-773000
2013/01/24,0,1000,-386000,-385000
2013/01/25,0,0,-348000,-348000
2013/01/28,0,1800000,0,1800000
2013/01/29,0,0,-1000,-1000
2013/01/30,0,0,-87000,-87000
2013/01/31,0,10000,-7000,3000
2013/02/01,0,0,-32000,-32000
2013/02/04,0,400000,-1103000,-703000
2013/02/05,0,3500000,-105000,3395000
2013/02/06,0,170000,-2295000,-2125000
2013/02/07,0,0,0,0
2013/02/08,0,0,0,0
2013/02/11,0,0,0,0
2013/02/12,0,0,0,0
2013/02/13,0,0,0,0
2013/02/14,0,0,0,0
2013/02/15,0,0,0,0
2013/02/18,0,3573000,-55550,3517450
2013/02/19,0,0,-1668000,-1668000
2013/02/20,0,140000,0,140000
2013/02/21,0,0,-185000,-185000
2013/02/22,0,711000,-1246350,-535350
2013/02/25,0,165000,0,165000
2013/02/26,0,762000,-1116000,-354000
2013/02/27,0,302000,-600000,-298000
2013/02/28,0,0,0,0
2013/03/01,0,0,0,0
2013/03/04,0,0,-125329,-125329
2013/03/05,0,84000,0,84000
2013/03/06,0,0,0,0
2013/03/07,0,0,0,0
2013/03/08,0,300000,-1000,299000
2013/03/11,0,0,-245000,-245000
2013/03/12,0,0,-6000,-6000
2013/03/13,0,167000,-4000,163000
2013/03/14,0,1000000,-57000,943000
2013/03/15,0,290000,-12000,278000
2013/03/18,0,0,-12000,-12000
2013/03/19,0,0,0,0
2013/03/20,0,2080000,-1000,2079000
2013/03/21,0,500000,-77000,423000
2013/03/22,0,250000,-7000,243000
2013/03/25,0,0,0,0
2013/03/26,0,0,0,0
2013/03/27,0,50000,-60000,-10000
2013/03/28,0,0,-2000,-2000
2013/03/29,0,0,0,0
2013/04/01,0,0,-2000,-2000
2013/04/02,0,0,0,0
2013/04/03,0,0,0,0
2013/04/04,0,0,0,0
2013/04/05,0,0,0,0
2013/04/08,0,0,0,0
2013/04/09,0,0,-1020000,-1020000
2013/04/10,0,0,-1000,-1000
2013/04/11,0,0,0,0
2013/04/12,0,1001000,-946000,55000
2013/04/15,0,500000,-3000,497000
2013/04/16,0,0,0,0
2013/04/17,0,0,-31000,-31000
2013/04/18,0,0,0,0
2013/04/19,0,9872,-25000,-15128
2013/04/22,0,0,-385503,-385503
2013/04/23,0,0,-8000,-8000
2013/04/24,0,0,-2000,-2000
2013/04/25,0,0,-300000,-300000
2013/04/26,0,0,-183000,-183000
2013/04/29,0,0,-4000,-4000
2013/04/30,0,932000,0,932000
2013/05/01,0,0,0,0
2013/05/02,0,0,0,0
2013/05/03,0,0,-2543000,-2543000
2013/05/06,0,0,-1198000,-1198000
2013/05/07,0,8000,-641000,-633000
2013/05/08,0,0,-80000,-80000
2013/05/09,0,0,-2000,-2000
2013/05/10,0,0,-310000,-310000
2013/05/13,0,0,-11000,-11000
2013/05/14,0,1000,-1502000,-1501000
2013/05/15,0,1335000,-2000,1333000
2013/05/16,0,448000,0,448000
2013/05/17,0,0,0,0
2013/05/20,0,0,-913000,-913000
2013/05/21,0,0,-186000,-186000
2013/05/22,0,0,-291000,-291000
2013/05/23,0,0,-1331000,-1331000
2013/05/24,0,0,-2270000,-2270000
2013/05/27,0,0,-281000,-281000
2013/05/28,0,0,-100000,-100000
2013/05/29,0,0,-4000,-4000
2013/05/30,0,5000,0,5000
2013/05/31,0,329000,0,329000
2013/06/03,0,0,-465000,-465000
2013/06/04,0,0,-625000,-625000
2013/06/05,0,0,-451000,-451000
2013/06/06,0,0,-345000,-345000
2013/06/07,0,0,-17000,-17000
2013/06/10,0,0,-122000,-122000
2013/06/11,0,25000,0,25000
2013/06/12,0,0,0,0
2013/06/13,0,20000,-12000,8000
2013/06/14,0,0,0,0
2013/06/17,0,0,0,0
2013/06/18,0,0,-2504000,-2504000
2013/06/19,0,4600000,-2501000,2099000
2013/06/20,0,7000000,0,7000000
2013/06/21,0,21655000,-879000,20776000
2013/06/24,0,440000,-120734,319266
2013/06/25,0,400000,0,400000
2013/06/26,0,0,0,0
2013/06/27,0,3000,-10000,-7000
2013/06/28,0,1000,0,1000
2013/07/01,0,250000,-7000,243000
2013/07/02,0,0,-630000,-630000
2013/07/03,0,27000,-9000,18000
2013/07/04,0,0,-2254000,-2254000
2013/07/05,0,28000,0,28000
2013/07/08,0,0,0,0
2013/07/09,0,0,0,0
2013/07/10,0,0,0,0
2013/07/11,0,4711871,-78900,4632971
2013/07/12,0,0,-113000,-113000
2013/07/15,0,0,0,0
2013/07/16,0,450000,0,450000
2013/07/17,0,0,0,0
2013/07/18,0,220000,-14000,206000
2013/07/19,0,1438000,0,1438000
2013/07/22,0,255000,0,255000
2013/07/23,0,1000,0,1000
2013/07/24,0,601000,0,601000
2013/07/25,0,1000,0,1000
2013/07/26,0,0,0,0
2013/07/29,0,0,0,0
2013/07/30,0,46000,0,46000
2013/07/31,0,0,-3000,-3000
2013/08/01,0,0,0,0
2013/08/02,0,0,0,0
2013/08/05,0,0,-30000,-30000
2013/08/06,0,0,0,0
2013/08/07,0,0,-342000,-342000
2013/08/08,0,0,0,0
2013/08/09,0,0,-500000,-500000
2013/08/12,0,2000,0,2000
2013/08/13,0,0,0,0
2013/08/14,0,3000,-343000,-340000
2013/08/15,0,0,-2000,-2000
2013/08/16,0,0,-3000,-3000
2013/08/19,0,8000,-1500000,-1492000
2013/08/20,0,3523000,-635000,2888000
2013/08/21,0,0,0,0
2013/08/22,0,8000,-290000,-282000
2013/08/23,0,145000,-313000,-168000
2013/08/26,0,23000,-48000,-25000
2013/08/27,0,1565000,0,1565000
2013/08/28,0,474000,-525000,-51000
2013/08/29,0,402000,0,402000
2013/08/30,0,63000,-5000,58000
2013/09/02,0,300000,0,300000
2013/09/03,0,1905000,-10022,1894978
2013/09/04,0,0,-251000,-251000
2013/09/05,0,0,0,0
2013/09/06,0,9000,-150000,-141000
2013/09/09,0,0,-2000,-2000
2013/09/10,0,394000,-1270000,-876000
2013/09/11,0,24000,-1300000,-1276000
2013/09/12,0,27000,0,27000
2013/09/13,0,18000,-101000,-83000
2013/09/16,0,4000,-67000,-63000
2013/09/17,0,0,0,0
2013/09/18,0,8000,-380000,-372000
2013/09/19,0,0,0,0
2013/09/20,0,0,0,0
2013/09/23,0,0,0,0
2013/09/24,0,0,-130000,-130000
2013/09/25,0,0,-382000,-382000
2013/09/26,0,3000,0,3000
2013/09/27,0,25000,0,25000
2013/09/30,0,4000,-129000,-125000
2013/10/01,0,1000,-145000,-144000
2013/10/02,0,116000,-6900,109100
2013/10/03,0,448000,-240000,208000
2013/10/04,0,1000,-3000,-2000
2013/10/07,0,5000,-3000,2000
2013/10/08,0,154000,0,154000
2013/10/09,0,225000,-266000,-41000
2013/10/10,0,0,0,0
2013/10/11,0,145000,0,145000
2013/10/14,0,0,0,0
2013/10/15,0,0,0,0
2013/10/16,0,0,0,0
2013/10/17,0,1000,0,1000
2013/10/18,0,0,0,0
2013/10/21,0,0,0,0
2013/10/22,0,0,-20000,-20000
2013/10/23,0,0,-29000,-29000
2013/10/24,0,0,-2509000,-2509000
2013/10/25,0,0,-1619000,-1619000
2013/10/28,0,0,-72000,-72000
2013/10/29,0,0,-2571000,-2571000
2013/10/30,0,0,0,0
2013/10/31,0,0,-3705000,-3705000
2013/11/01,0,0,-19000,-19000
2013/11/04,0,0,0,0
2013/11/05,0,0,-109000,-109000
2013/11/06,0,0,-164000,-164000
2013/11/07,0,0,-88000,-88000
2013/11/08,0,0,-3410000,-3410000
2013/11/11,0,0,-2197816,-2197816
2013/11/12,0,0,-308700,-308700
2013/11/13,0,0,0,0
2013/11/14,0,0,-347230,-347230
2013/11/15,0,829000,0,829000
2013/11/18,0,200000,0,200000
2013/11/19,0,93000,0,93000
2013/11/20,0,0,0,0
2013/11/21,0,0,-16000,-16000
2013/11/22,0,155000,0,155000
2013/11/25,0,13763,0,13763
2013/11/26,0,1000,-58000,-57000
2013/11/27,0,0,-500000,-500000
2013/11/28,0,0,0,0
2013/11/29,0,0,-600000,-600000
2013/12/02,0,323000,-1000,322000
2013/12/03,0,0,-2000,-2000
2013/12/04,0,0,-3000,-3000
2013/12/05,0,328000,0,328000
2013/12/06,0,0,0,0
2013/12/09,0,0,-238000,-238000
2013/12/10,0,0,-275000,-275000
2013/12/11,0,0,0,0
2013/12/12,0,150000,-2000,148000
2013/12/13,0,153000,0,153000
2013/12/16,0,152000,-144060,7940
2013/12/17,0,152000,-1000,151000
2013/12/18,0,153000,-2000,151000
2013/12/19,0,343000,0,343000
2013/12/20,0,46000,-1980000,-1934000
2013/12/23,0,0,0,0
2013/12/24,0,0,-2676000,-2676000
2013/12/25,0,0,-3245000,-3245000
2013/12/26,0,0,-2000,-2000
2013/12/27,0,115000,0,115000
2013/12/30,0,0,-4000,-4000
2013/12/31,0,0,-14000,-14000
2014/01/02,0,0,-4000,-4000
2014/01/03,0,0,-392000,-392000
2014/01/06,0,0,-417363,-417363
2014/01/07,0,0,-6000,-6000
2014/01/08,0,0,0,0
2014/01/09,0,0,0,0
2014/01/10,0,0,-38000,-38000
2014/01/13,0,0,-211000,-211000
2014/01/14,0,3000,0,3000
2014/01/15,0,0,-174000,-174000
2014/01/16,0,0,-1320000,-1320000
2014/01/17,0,0,-5618355,-5618355
2014/01/20,0,0,0,0
2014/01/21,0,0,-187000,-187000
2014/01/22,0,0,-10000,-10000
2014/01/23,0,0,-583000,-583000
2014/01/24,0,0,-522500,-522500
2014/01/27,0,0,-2000,-2000
2014/02/05,0,0,-1000,-1000
2014/02/06,0,0,-203000,-203000
2014/02/07,0,0,0,0
2014/02/10,0,1090000,0,1090000
2014/02/11,0,0,-19000,-19000
2014/02/12,0,51000,0,51000
2014/02/13,0,156,-2000,-1844
2014/02/14,0,0,-823000,-823000
2014/02/17,0,0,0,0
2014/02/18,0,0,-319000,-319000
2014/02/19,0,0,-48000,-48000
2014/02/20,0,0,-251300,-251300
2014/02/21,0,0,-6000,-6000
2014/02/24,0,0,-104000,-104000
2014/02/25,0,0,0,0
2014/02/26,0,0,0,0
2014/02/27,0,0,-5000,-5000
2014/03/03,0,0,-303000,-303000
2014/03/04,0,0,-778000,-778000
2014/03/05,0,21000,0,21000
2014/03/06,0,0,-852180,-852180
2014/03/07,0,0,-3000,-3000
2014/03/10,0,0,-738000,-738000
2014/03/11,0,0,-824000,-824000
2014/03/12,0,0,-1000,-1000
2014/03/13,0,0,-57000,-57000
2014/03/14,0,0,-3000,-3000
2014/03/17,0,0,-2000,-2000
2014/03/18,0,7000,-321000,-314000
2014/03/19,0,0,-263000,-263000
2014/03/20,0,0,0,0
2014/03/21,0,0,0,0
2014/03/24,0,0,0,0
2014/03/25,0,0,0,0
2014/03/26,0,0,0,0
2014/03/27,0,0,-209825,-209825
2014/03/28,0,0,-4000,-4000
2014/03/31,0,0,-625000,-625000
2014/04/01,0,0,-49000,-49000
2014/04/02,0,0,0,0
2014/04/03,0,0,-76000,-76000
2014/04/07,0,0,-17000,-17000
2014/04/08,0,0,-732635,-732635
2014/04/09,0,0,0,0
2014/04/10,0,0,-4634,-4634
2014/04/11,0,0,0,0
2014/04/14,0,0,0,0
2014/04/15,0,0,-248000,-248000
2014/04/16,0,0,0,0
2014/04/17,0,83000,-14000,69000
2014/04/18,0,0,-2000,-2000
2014/04/21,0,4000,-2000,2000
2014/04/22,0,0,0,0
2014/04/23,0,2175000,-6000,2169000
2014/04/24,0,366000,0,366000
2014/04/25,0,0,0,0
2014/04/28,0,0,0,0
2014/04/29,0,465000,0,465000
2014/04/30,0,0,-2000,-2000
2014/05/02,0,0,-92000,-92000
2014/05/05,0,0,0,0
2014/05/06,0,0,0,0
2014/05/07,0,600000,0,600000
2014/05/08,0,250000,0,250000
2014/05/09,0,0,0,0
2014/05/12,0,600000,0,600000
2014/05/13,0,2000,0,2000
2014/05/14,0,0,0,0
2014/05/15,0,21000,0,21000
2014/05/16,0,0,0,0
2014/05/19,0,180000,-4000,176000
2014/05/20,0,0,0,0
2014/05/21,0,0,-1000,-1000
2014/05/22,0,0,0,0
2014/05/23,0,2946000,0,2946000
2014/05/26,0,332000,-22000,310000
2014/05/27,0,206000,-46000,160000
2014/05/28,0,284000,0,284000
2014/05/29,0,424000,-9000,415000
2014/05/30,0,828000,-2000,826000
2014/06/03,0,300000,-5000,295000
2014/06/04,0,0,0,0
2014/06/05,0,0,-16000,-16000
2014/06/06,0,0,-2000,-2000
2014/06/09,0,39000,-25000,14000
2014/06/10,0,0,-18461,-18461
2014/06/11,0,0,-26000,-26000
2014/06/12,0,18000,-19000,-1000
2014/06/13,0,408000,-21000,387000
2014/06/16,0,0,-37000,-37000
2014/06/17,0,0,0,0
2014/06/18,0,7000,0,7000
2014/06/19,0,0,0,0
2014/06/20,0,1922000,-129000,1793000
2014/06/23,0,0,0,0
2014/06/24,0,0,-63000,-63000
2014/06/25,0,0,-8000,-8000
2014/06/26,0,0,0,0
2014/06/27,0,0,0,0
2014/06/30,0,0,-35000,-35000
2014/07/01,0,0,0,0
2014/07/02,0,34206,0,34206
2014/07/03,0,0,-18000,-18000
2014/07/04,0,0,0,0
2014/07/07,0,0,0,0
2014/07/08,0,0,-129000,-129000
2014/07/09,0,0,0,0
2014/07/10,0,0,0,0
2014/07/11,0,0,0,0
2014/07/14,0,450000,0,450000
2014/07/15,0,78000,-61000,17000
2014/07/16,0,232000,0,232000
2014/07/17,0,39000,0,39000
2014/07/18,0,18000,0,18000
2014/07/21,0,0,0,0
2014/07/22,0,212000,0,212000
2014/07/23,0,0,0,0
2014/07/24,0,29000,0,29000
2014/07/25,0,309000,0,309000
2014/07/28,0,0,0,0
2014/07/29,0,29000,0,29000
2014/07/30,0,48000,-3000,45000
2014/07/31,0,61000,0,61000
2014/08/01,0,42000,0,42000
2014/08/04,0,0,-1000,-1000
2014/08/05,0,0,0,0
2014/08/06,0,12000,-175000,-163000
2014/08/07,0,558000,0,558000
2014/08/08,0,77000,0,77000
2014/08/11,0,26000,0,26000
2014/08/12,0,20000,0,20000
2014/08/13,0,12000,0,12000
2014/08/14,0,34000,0,34000
2014/08/15,0,14000,0,14000
2014/08/18,0,26000,0,26000
2014/08/19,0,11000,-5000,6000
2014/08/20,0,7000,0,7000
2014/08/21,0,219000,0,219000
2014/08/22,0,750000,0,750000
2014/08/25,0,398000,0,398000
2014/08/26,0,3000,0,3000
2014/08/27,0,154000,0,154000
2014/08/28,0,67000,0,67000
2014/08/29,0,1703000,0,1703000
2014/09/01,0,614000,0,614000
2014/09/02,0,58000,0,58000
2014/09/03,0,34000,0,34000
2014/09/04,0,663000,0,663000
2014/09/05,0,38000,0,38000
2014/09/09,0,124000,0,124000
2014/09/10,0,28000,0,28000
2014/09/11,0,55000,0,55000
2014/09/12,0,96000,0,96000
2014/09/15,0,6000,0,6000
2014/09/16,0,15000,0,15000
2014/09/17,0,21000,-1000,20000
2014/09/18,0,0,0,0
2014/09/19,0,1357000,-404000,953000
2014/09/22,0,31844,0,31844
2014/09/23,0,7000,0,7000
2014/09/24,0,6000,0,6000
2014/09/25,0,0,0,0
2014/09/26,0,0,0,0
2014/09/29,0,0,-13000,-13000
2014/09/30,0,59000,0,59000
2014/10/01,0,0,0,0
2014/10/02,0,4000,0,4000
2014/10/03,0,300000,-82000,218000
2014/10/06,0,15000,-6000,9000
2014/10/07,0,37000,0,37000
2014/10/08,0,3000,0,3000
2014/10/09,0,0,-3388,-3388
2014/10/13,0,0,0,0
2014/10/14,0,0,0,0
2014/10/15,0,10000,-57000,-47000
2014/10/16,0,0,-8000,-8000
2014/10/17,0,7000,0,7000
2014/10/20,0,68000,0,68000
2014/10/21,0,18000,0,18000
2014/10/22,0,0,0,0
2014/10/23,0,22000,0,22000
2014/10/24,0,0,0,0
2014/10/27,0,42000,-2000,40000
2014/10/28,0,0,0,0
2014/10/29,0,845000,0,845000
2014/10/30,0,308000,0,308000
2014/10/31,0,0,-7000,-7000
2014/11/03,0,72000,-5000,67000
2014/11/04,0,14000,0,14000
2014/11/05,0,0,0,0
2014/11/06,0,0,-11000,-11000
2014/11/07,0,0,-30000,-30000
2014/11/10,0,0,-21000,-21000
2014/11/11,0,52000,0,52000
2014/11/12,0,24000,-980,23020
2014/11/13,0,0,0,0
2014/11/14,0,0,0,0
2014/11/17,0,49000,-58000,-9000
2014/11/18,0,10000,0,10000
2014/11/19,0,0,0,0
2014/11/20,0,85000,0,85000
2014/11/21,0,16000,0,16000
2014/11/24,0,0,0,0
2014/11/25,0,50000,-1000,49000
2014/11/26,0,0,-2000,-2000
2014/11/27,0,0,-4000,-4000
2014/11/28,0,0,0,0
2014/12/01,0,0,0,0
2014/12/02,0,0,-83000,-83000
2014/12/03,0,0,-226000,-226000
2014/12/04,0,0,0,0
2014/12/05,0,0,-21000,-21000
2014/12/08,0,399000,-6000,393000
2014/12/09,0,0,0,0
2014/12/10,0,0,-59000,-59000
2014/12/11,0,3025,-3000,25
2014/12/12,0,0,-13000,-13000
2014/12/15,0,0,0,0
2014/12/16,0,17000,-32000,-15000
2014/12/17,0,0,0,0
2014/12/18,0,0,0,0
2014/12/19,0,169000,0,169000
2014/12/22,0,0,-696750,-696750
2014/12/23,0,0,-504000,-504000
2014/12/24,0,0,0,0
2014/12/25,0,0,-194000,-194000
2014/12/26,0,0,-500000,-500000
2014/12/29,0,0,-484000,-484000
2014/12/30,0,0,-186000,-186000
2014/12/31,0,0,-1000,-1000
2015/01/01,0,0,0,0
2015/01/02,0,0,0,0
2015/01/05,0,212000,0,212000
2015/01/06,0,0,-76000,-76000
2015/01/07,0,86000,-52000,34000
2015/01/08,0,0,-358000,-358000
2015/01/09,0,0,0,0
2015/01/12,0,0,-61000,-61000
2015/01/13,0,0,0,0
2015/01/14,0,0,-6000,-6000
2015/01/15,0,0,0,0
2015/01/16,0,0,-63000,-63000
2015/01/19,0,0,-52000,-52000
2015/01/20,0,0,-850000,-850000
2015/01/21,0,0,0,0
2015/01/22,0,0,0,0
2015/01/23,0,0,-8000,-8000
2015/01/26,0,0,-176000,-176000
2015/01/27,0,0,-500584,-500584
2015/01/28,0,0,0,0
2015/01/29,0,0,0,0
2015/01/30,0,0,-24000,-24000
2015/02/02,0,0,-105000,-105000
2015/02/03,0,0,-11000,-11000
2015/02/04,0,0,0,0
2015/02/05,0,0,0,0
2015/02/06,0,0,0,0
2015/02/09,0,346000,-77000,269000
2015/02/10,0,0,-325000,-325000
2015/02/11,0,0,0,0
2015/02/12,0,0,-6000,-6000
2015/02/13,0,0,-411000,-411000
2015/02/16,0,0,0,0
2015/02/17,0,0,0,0
2015/02/18,0,0,0,0
2015/02/19,0,0,0,0
2015/02/20,0,0,0,0
2015/02/23,0,0,0,0
2015/02/24,0,0,0,0
2015/02/25,0,902000,-40000,862000
2015/02/26,0,0,-30000,-30000
2015/02/27,0,0,0,0
2015/03/02,0,0,0,0
2015/03/03,0,0,-2000,-2000
2015/03/04,0,0,-88000,-88000
2015/03/05,0,0,-4000,-4000
2015/03/06,0,0,-49000,-49000
2015/03/09,0,0,-97000,-97000
2015/03/10,0,0,-141000,-141000
2015/03/11,0,0,0,0
2015/03/12,0,58000,-86899,-28899
2015/03/13,0,0,0,0
2015/03/16,0,1000,-1073000,-1072000
2015/03/17,0,197000,-42000,155000
2015/03/18,0,0,0,0
2015/03/19,0,0,-3000,-3000
2015/03/20,0,1000,-53000,-52000
2015/03/23,0,52000,-116000,-64000
2015/03/24,0,0,-5000,-5000
2015/03/25,0,0,-28000,-28000
2015/03/26,0,0,0,0
2015/03/27,0,0,-62000,-62000
2015/03/30,0,0,0,0
2015/03/31,0,0,0,0
2015/04/01,0,0,0,0
2015/04/02,0,0,0,0
2015/04/03,0,0,0,0
2015/04/06,0,0,0,0
2015/04/07,0,0,0,0
2015/04/08,0,0,0,0
2015/04/09,0,0,0,0
2015/04/10,0,0,-395000,-395000
2015/04/13,0,0,0,0
2015/04/14,0,0,-76000,-76000
2015/04/15,0,4000,-26000,-22000
2015/04/16,0,0,-130000,-130000
2015/04/17,0,0,0,0
2015/04/20,0,4000,-150000,-146000
2015/04/21,0,0,-143000,-143000
2015/04/22,0,0,-61000,-61000
2015/04/23,0,0,0,0
2015/04/24,0,0,-4000,-4000
2015/04/27,0,0,-105000,-105000
2015/04/28,0,1500000,-18000,1482000
2015/04/29,0,0,-35000,-35000
2015/04/30,0,400000,-2000,398000
2015/05/01,0,0,0,0
2015/05/04,0,0,-298000,-298000
2015/05/05,0,1540000,-4000,1536000
2015/05/06,0,1024000,0,1024000
2015/05/07,0,0,-24000,-24000
2015/05/08,0,0,0,0
2015/05/11,0,2000,-415000,-413000
2015/05/12,0,0,-293000,-293000
2015/05/13,0,0,-2000,-2000
2015/05/14,0,4000,0,4000
2015/05/15,0,0,-5000,-5000
2015/05/18,0,0,-153000,-153000
2015/05/19,0,0,-69000,-69000
2015/05/20,0,8000,0,8000
2015/05/21,0,0,0,0
2015/05/22,0,0,-1636000,-1636000
2015/05/25,0,0,0,0
2015/05/26,0,0,0,0
2015/05/27,0,0,0,0
2015/05/28,0,9000,-3000,6000
2015/05/29,0,0,-17000,-17000
2015/06/01,0,0,-6000,-6000
2015/06/02,0,0,0,0
2015/06/03,0,32000,0,32000
2015/06/04,0,2917,-2000,917
2015/06/05,0,0,-6000,-6000
2015/06/08,0,0,0,0
2015/06/09,0,7000,0,7000
2015/06/10,0,0,-416000,-416000
2015/06/11,0,0,0,0
2015/06/12,0,0,-13000,-13000
2015/06/15,0,108000,0,108000
2015/06/16,0,4000,0,4000
2015/06/17,0,0,0,0
2015/06/18,0,198000,-8000,190000
2015/06/19,0,0,0,0
2015/06/22,0,0,-29000,-29000
2015/06/23,0,71000,-57000,14000
2015/06/24,0,0,-59000,-59000
2015/06/25,0,0,-8000,-8000
2015/06/26,0,0,-29000,-29000
2015/06/29,0,0,-46000,-46000
2015/06/30,0,0,-5000,-5000
2015/07/01,0,0,-3000,-3000
2015/07/02,0,0,0,0
2015/07/03,0,0,-1000,-1000
2015/07/06,0,155000,0,155000
2015/07/07,0,0,0,0
2015/07/08,0,599000,0,599000
2015/07/09,0,3000,-18000,-15000
2015/07/10,0,0,0,0
2015/07/13,0,9000,-1000,8000
2015/07/14,0,100000,0,100000
2015/07/15,0,31000,-152000,-121000
2015/07/16,0,398000,-136000,262000
2015/07/17,0,447000,0,447000
2015/07/20,0,89000,-2703505,-2614505
2015/07/21,0,3000,0,3000
2015/07/22,0,0,0,0
2015/07/23,0,58000,0,58000
2015/07/24,0,1131000,0,1131000
2015/07/27,0,14000,0,14000
2015/07/28,0,242000,0,242000
2015/07/29,0,206000,0,206000
2015/07/30,0,214000,0,214000
2015/07/31,0,923000,0,923000
2015/08/03,0,182000,0,182000
2015/08/04,0,98000,0,98000
2015/08/05,0,2495000,-5000,2490000
2015/08/06,0,809000,0,809000
2015/08/07,0,330000,0,330000
2015/08/10,0,715000,0,715000
2015/08/11,0,8000,0,8000
2015/08/12,0,157000,0,157000
2015/08/13,0,19000,0,19000
2015/08/14,0,0,0,0
2015/08/17,0,6000,0,6000
2015/08/18,0,1000,-20000,-19000
2015/08/19,0,3000,-16000,-13000
2015/08/20,0,4000,0,4000
2015/08/21,0,64000,0,64000
2015/08/24,0,0,0,0
2015/08/25,0,1072,0,1072
2015/08/26,0,401000,-588000,-187000
2015/08/27,0,279000,-11000,268000
2015/08/28,0,0,-2000,-2000
2015/08/31,0,426000,-40000,386000
2015/09/01,0,192000,-66000,126000
2015/09/02,0,860000,-540135,319865
2015/09/03,0,426000,0,426000
2015/09/04,0,302000,-1390,300610
2015/09/07,0,374000,0,374000
2015/09/08,0,28000,0,28000
2015/09/09,0,1000,0,1000
2015/09/10,0,0,0,0
2015/09/11,0,25000,0,25000
2015/09/14,0,12000,0,12000
2015/09/15,0,14000,0,14000
2015/09/16,0,2000,0,2000
2015/09/17,0,0,0,0
2015/09/18,0,1282000,0,1282000
2015/09/21,0,536000,-142000,394000
2015/09/22,0,16687,-1000000,-983313
2015/09/23,0,0,0,0
2015/09/24,0,0,0,0
2015/09/25,0,1000,-1890000,-1889000
2015/09/28,0,0,0,0
2015/09/29,0,0,0,0
2015/09/30,0,0,-576000,-576000
2015/10/01,0,15000,-61675,-46675
2015/10/02,0,71000,0,71000
2015/10/05,0,357000,0,357000
2015/10/06,0,1703000,0,1703000
2015/10/07,0,8000,0,8000
2015/10/08,0,477000,0,477000
2015/10/09,0,0,0,0
2015/10/12,0,0,0,0
2015/10/13,0,0,0,0
2015/10/14,0,655000,0,655000
2015/10/15,0,13000,0,13000
2015/10/16,0,117000,0,117000
2015/10/19,0,0,0,0
2015/10/20,0,200000,-232000,-32000
2015/10/21,0,600000,0,600000
2015/10/22,0,0,0,0
2015/10/23,0,0,-115000,-115000
2015/10/26,0,0,0,0
2015/10/27,0,0,0,0
2015/10/28,0,0,0,0
2015/10/29,0,0,-154000,-154000
2015/10/30,0,0,-513000,-513000
2015/11/02,0,0,-65000,-65000
2015/11/03,0,15000,0,15000
2015/11/04,0,85000,0,85000
2015/11/05,0,1000,0,1000
2015/11/06,0,0,0,0
2015/11/09,0,53000,0,53000
2015/11/10,0,0,0,0
2015/11/11,0,0,0,0
2015/11/12,0,0,0,0
2015/11/13,0,0,0,0
2015/11/16,0,0,-63000,-63000
2015/11/17,0,0,-22000,-22000
2015/11/18,0,1000,-366000,-365000
2015/11/19,0,250000,-300000,-50000
2015/11/20,0,0,0,0
2015/11/23,0,11000,-4000,7000
2015/11/24,0,0,0,0
2015/11/25,0,0,0,0
2015/11/26,0,0,0,0
2015/11/27,0,0,-441000,-441000
2015/11/30,0,2000,-2000,0
2015/12/01,0,0,0,0
2015/12/02,0,0,0,0
2015/12/03,0,0,-59000,-59000
2015/12/04,0,0,0,0
2015/12/07,0,113000,0,113000
2015/12/08,0,0,0,0
2015/12/09,0,1000,0,1000
2015/12/10,0,0,0,0
2015/12/11,0,0,0,0
2015/12/14,0,0,-150347,-150347
2015/12/15,0,0,0,0
2015/12/16,0,0,-5000,-5000
2015/12/17,0,0,0,0
2015/12/18,0,0,-491000,-491000
2015/12/21,0,0,-655634,-655634
2015/12/22,0,0,0,0
2015/12/23,0,0,0,0
2015/12/24,0,0,0,0
2015/12/25,0,0,0,0
2015/12/28,0,0,-65000,-65000
2015/12/29,0,0,-93000,-93000
2015/12/30,0,0,0,0
2015/12/31,0,0,0,0
2016/01/01,0,0,0,0
2016/01/04,0,0,0,0
2016/01/05,0,0,-487251,-487251
2016/01/06,0,1000,0,1000
2016/01/07,0,0,-7000,-7000
2016/01/08,0,0,-716000,-716000
2016/01/11,0,0,-1032863,-1032863
2016/01/12,0,0,-1209110,-1209110
2016/01/13,0,0,-4000,-4000
2016/01/14,0,0,-338000,-338000
2016/01/15,0,2000,-41000,-39000
2016/01/18,0,0,0,0
2016/01/19,0,162000,-3953935,-3791935
2016/01/20,0,133000,-538000,-405000
2016/01/21,0,32000,0,32000
2016/01/22,0,0,-200000,-200000
2016/01/25,0,0,-7000,-7000
2016/01/26,0,1000,0,1000
2016/01/27,0,0,-254000,-254000
2016/01/28,0,0,-257000,-257000
2016/01/29,0,4000,-252854,-248854
2016/02/01,0,0,-329000,-329000
2016/02/02,0,0,-700000,-700000
2016/02/03,0,0,-600000,-600000
2016/02/04,0,0,0,0
2016/02/05,0,0,0,0
2016/02/08,0,0,0,0
2016/02/09,0,0,0,0
2016/02/10,0,0,0,0
2016/02/11,0,0,0,0
2016/02/12,0,0,0,0
2016/02/15,0,295000,-42,294958
2016/02/16,0,0,0,0
2016/02/17,0,3000,-1000,2000
2016/02/18,0,1160000,0,1160000
2016/02/19,0,12000,0,12000
2016/02/22,0,0,0,0
2016/02/23,0,0,0,0
2016/02/24,0,0,0,0
2016/02/25,0,0,0,0
2016/02/26,0,0,-9000,-9000
2016/02/29,0,0,0,0
2016/03/01,0,0,-300000,-300000
2016/03/02,0,0,-36141,-36141
2016/03/03,0,0,0,0
2016/03/04,0,520000,0,520000
2016/03/07,0,0,0,0
2016/03/08,0,650000,-11000,639000
2016/03/09,0,0,-50000,-50000
2016/03/10,0,0,0,0
2016/03/11,0,0,0,0
2016/03/14,0,1367000,0,1367000
2016/03/15,0,190000,-1000,189000
2016/03/16,0,0,0,0
2016/03/17,0,0,0,0
2016/03/18,0,174000,0,174000
2016/03/21,0,67000,0,67000
2016/03/22,0,0,0,0
2016/03/23,0,0,-385000,-385000
2016/03/24,0,0,-483000,-483000
2016/03/25,0,0,0,0
2016/03/28,0,2000,0,2000
2016/03/29,0,0,0,0
2016/03/30,0,0,0,0
2016/03/31,0,0,0,0
2016/04/01,0,0,0,0
2016/04/04,0,0,0,0
2016/04/05,0,0,0,0
2016/04/06,0,198000,0,198000
2016/04/07,0,394000,-1000,393000
2016/04/08,0,350000,0,350000
2016/04/11,0,0,-357000,-357000
2016/04/12,0,1000,0,1000
2016/04/13,0,0,-76000,-76000
2016/04/14,0,0,0,0
2016/04/15,0,0,-38000,-38000
2016/04/18,0,0,0,0
2016/04/19,0,75000,0,75000
2016/04/20,0,1000,0,1000
2016/04/21,0,0,0,0
2016/04/22,0,0,0,0
2016/04/25,0,502000,-1000,501000
2016/04/26,0,0,0,0
2016/04/27,0,0,0,0
2016/04/28,0,829000,0,829000
2016/04/29,0,89000,0,89000
2016/05/02,0,0,0,0
2016/05/03,0,67000,0,67000
2016/05/04,0,101000,0,101000
2016/05/05,0,3000,0,3000
2016/05/06,0,0,0,0
2016/05/09,0,0,0,0
2016/05/10,0,578339,0,578339
2016/05/11,0,0,0,0
2016/05/12,0,0,0,0
2016/05/13,0,1000,0,1000
2016/05/16,0,30000,0,30000
2016/05/17,0,0,0,0
2016/05/18,0,0,0,0
2016/05/19,0,0,0,0
2016/05/20,0,0,0,0
2016/05/23,0,1139000,0,1139000
2016/05/24,0,0,0,0
2016/05/25,0,0,0,0
2016/05/26,0,0,-3000,-3000
2016/05/27,0,0,0,0
2016/05/30,0,315000,0,315000
2016/05/31,0,0,-40000,-40000
2016/06/01,0,0,0,0
2016/06/02,0,0,0,0
2016/06/03,0,1000,0,1000
2016/06/06,0,0,0,0
2016/06/07,0,0,0,0
2016/06/08,0,0,0,0
2016/06/09,0,0,0,0
2016/06/10,0,0,0,0
2016/06/13,0,202000,0,202000
2016/06/14,0,0,0,0
2016/06/15,0,0,0,0
2016/06/16,0,0,-29000,-29000
2016/06/17,0,1000,-86000,-85000
2016/06/20,0,0,-623000,-623000
2016/06/21,0,34000,0,34000
2016/06/22,0,0,0,0
2016/06/23,0,0,0,0
2016/06/24,0,0,-21000,-21000
2016/06/27,0,3000,0,3000
2016/06/28,0,3000,-450000,-447000
2016/06/29,0,0,0,0
2016/06/30,0,1000,0,1000
2016/07/01,0,0,0,0
2016/07/04,0,0,0,0
2016/07/05,0,0,-64000,-64000
2016/07/06,0,0,-287000,-287000
2016/07/07,0,0,-907000,-907000
2016/07/08,0,0,0,0
2016/07/11,0,345000,0,345000
2016/07/12,0,0,0,0
2016/07/13,0,0,0,0
2016/07/14,0,29000,-2000,27000
2016/07/15,0,0,-130000,-130000
2016/07/18,0,0,-914000,-914000
2016/07/19,0,14000,-417574,-403574
2016/07/20,0,66000,-261000,-195000
2016/07/21,0,3000,-21000,-18000
2016/07/22,0,111000,-881000,-770000
2016/07/25,0,311000,-2189000,-1878000
2016/07/26,0,103000,-196000,-93000
2016/07/27,0,2000,-4000,-2000
2016/07/28,0,5000,0,5000
2016/07/29,0,6091,-62000,-55909
2016/08/01,0,0,-171000,-171000
2016/08/02,0,0,-546000,-546000
2016/08/03,0,24000,-11000,13000
2016/08/04,0,46000,-8000,38000
2016/08/05,0,1000,-5000,-4000
2016/08/08,0,2000,-488000,-486000
2016/08/09,0,0,-1000,-1000
2016/08/10,0,1000,0,1000
2016/08/11,0,10000,-317000,-307000
2016/08/12,0,2000,-64000,-62000
2016/08/15,0,20000,0,20000
2016/08/16,0,0,-11000,-11000
2016/08/17,0,5000,0,5000
2016/08/18,0,0,-4000,-4000
2016/08/19,0,2000,-221000,-219000
2016/08/22,0,0,-23000,-23000
2016/08/23,0,0,-2000,-2000
2016/08/24,0,0,-9000,-9000
2016/08/25,0,0,-2000,-2000
2016/08/26,0,2000,0,2000
2016/08/29,0,349000,-285000,64000
2016/08/30,0,345000,-39900,305100
2016/08/31,0,88000,-467500,-379500
2016/09/01,0,173000,0,173000
2016/09/02,0,0,-163000,-163000
2016/09/05,0,0,-47000,-47000
2016/09/06,0,0,0,0
2016/09/07,0,18000,0,18000
2016/09/08,0,0,-11500,-11500
2016/09/09,0,0,0,0
2016/09/12,0,0,-482000,-482000
2016/09/13,0,6000,0,6000
2016/09/14,0,134000,0,134000
2016/09/15,0,0,0,0
2016/09/16,0,0,0,0
2016/09/19,0,0,0,0
2016/09/20,0,0,0,0
2016/09/21,0,0,0,0
2016/09/22,0,0,0,0
2016/09/23,0,0,0,0
2016/09/26,0,0,0,0
2016/09/27,0,0,0,0
2016/09/28,0,0,0,0
2016/09/29,0,0,0,0
2016/09/30,0,105590,0,105590
2016/10/03,0,0,0,0
2016/10/04,0,0,0,0
2016/10/05,0,0,0,0
2016/10/06,0,0,0,0
2016/10/07,0,0,0,0
2016/10/10,0,0,0,0
2016/10/11,0,4000,0,4000
2016/10/12,0,0,-2000,-2000
2016/10/13,0,3000,0,3000
2016/10/14,0,0,0,0
2016/10/17,0,0,-877000,-877000
2016/10/18,0,0,0,0
2016/10/19,0,0,0,0
2016/10/20,0,0,-24000,-24000
2016/10/21,0,0,-34000,-34000
2016/10/24,0,0,0,0
2016/10/25,0,0,0,0
2016/10/26,0,0,0,0
2016/10/27,0,0,0,0
2016/10/28,0,176000,0,176000
2016/10/31,0,0,0,0
2016/11/01,0,0,-3000,-3000
2016/11/02,0,337000,-2826,334174
2016/11/03,0,150000,0,150000
2016/11/04,0,127000,0,127000
2016/11/07,0,43000,0,43000
2016/11/08,0,0,0,0
2016/11/09,0,206000,0,206000
2016/11/10,0,207000,-600,206400
2016/11/11,0,352000,0,352000
2016/11/14,0,194000,0,194000
2016/11/15,0,0,0,0
2016/11/16,0,500000,-23046,476954
2016/11/17,0,0,0,0
2016/11/18,0,0,0,0
2016/11/21,0,791000,-255000,536000
2016/11/22,0,0,0,0
2016/11/23,0,433000,0,433000
2016/11/24,0,0,0,0
2016/11/25,0,0,-193000,-193000
2016/11/28,0,0,0,0
2016/11/29,0,0,-91000,-91000
2016/11/30,0,295000,0,295000
2016/12/01,0,82000,0,82000
2016/12/02,0,0,0,0
2016/12/05,0,0,0,0
2016/12/06,0,0,0,0
2016/12/07,0,158000,0,158000
2016/12/08,0,65000,0,65000
2016/12/09,0,400000,0,400000
2016/12/12,0,0,0,0
2016/12/13,0,0,0,0
2016/12/14,0,179000,0,179000
2016/12/15,0,0,0,0
2016/12/16,0,0,0,0
2016/12/19,0,0,0,0
2016/12/20,0,0,0,0
2016/12/21,0,0,0,0
2016/12/22,0,0,0,0
2016/12/23,0,0,0,0
2016/12/26,0,0,0,0
2016/12/27,0,0,0,0
2016/12/28,0,0,0,0
2016/12/29,0,0,0,0
2016/12/30,0,0,0,0
2017/01/02,0,0,0,0
2017/01/03,0,0,0,0
2017/01/04,0,0,-371000,-371000
2017/01/05,0,11000,0,11000
2017/01/06,0,0,-148000,-148000
2017/01/09,0,0,-480000,-480000
2017/01/10,0,0,-210000,-210000
2017/01/11,0,0,0,0
2017/01/12,0,0,0,0
2017/01/13,0,0,0,0
2017/01/16,0,0,-231000,-231000
2017/01/17,0,0,-130000,-130000
2017/01/18,0,0,0,0
2017/01/19,0,1000,0,1000
2017/01/20,0,0,0,0
2017/01/23,0,1680,-144000,-142320
2017/01/24,0,9000,-145000,-136000
2017/01/25,0,0,0,0
2017/01/26,0,0,0,0
2017/01/27,0,0,0,0
2017/01/30,0,0,0,0
2017/01/31,0,0,0,0
2017/02/01,0,0,0,0
2017/02/02,0,0,0,0
2017/02/03,0,44000,-547800,-503800
2017/02/06,0,0,-733000,-733000
2017/02/07,0,0,-726000,-726000
2017/02/08,0,0,-351800,-351800
2017/02/09,0,3000,-1280521,-1277521
2017/02/10,0,0,-85000,-85000
2017/02/13,0,0,-213000,-213000
2017/02/14,0,3000,0,3000
2017/02/15,0,0,-912400,-912400
2017/02/16,0,0,0,0
2017/02/17,0,3000,0,3000
2017/02/20,0,0,-660000,-660000
2017/02/21,0,0,0,0
2017/02/22,0,0,-391000,-391000
2017/02/23,0,2000,0,2000
2017/02/24,0,1000,0,1000
2017/02/27,0,0,0,0
2017/02/28,0,0,0,0
2017/03/01,0,0,0,0
2017/03/02,0,0,-106000,-106000
2017/03/03,0,5000,-300000,-295000
2017/03/06,0,0,-2961694,-2961694
2017/03/07,0,494000,-139000,355000
2017/03/08,0,0,-601100,-601100
2017/03/09,0,0,-22000,-22000
2017/03/10,0,0,0,0
2017/03/13,0,0,0,0
2017/03/14,0,0,-35000,-35000
2017/03/15,0,0,-95000,-95000
2017/03/16,0,0,0,0
2017/03/17,0,15000,-256000,-241000
2017/03/20,0,0,-10000,-10000
2017/03/21,0,1000,-1825226,-1824226
2017/03/22,0,0,0,0
2017/03/23,0,0,0,0
2017/03/24,0,2000,0,2000
2017/03/27,0,0,0,0
2017/03/28,0,0,0,0
2017/03/29,0,0,-2314652,-2314652
2017/03/30,0,0,0,0
2017/03/31,0,0,-1854824,-1854824
2017/04/03,0,0,0,0
2017/04/04,0,0,0,0
2017/04/05,0,0,0,0
2017/04/06,0,0,0,0
2017/04/07,0,5000,-669138,-664138
2017/04/10,0,4000,0,4000
2017/04/11,0,0,0,0
2017/04/12,0,0,-48000,-48000
2017/04/13,0,80000,0,80000
2017/04/14,0,0,-16000,-16000
2017/04/17,0,0,0,0
2017/04/18,0,3000,0,3000
2017/04/19,0,0,0,0
2017/04/20,0,15000,-151000,-136000
2017/04/21,0,0,0,0
2017/04/24,0,0,0,0
2017/04/25,0,3281,-412400,-409119
2017/04/26,0,3000,0,3000
2017/04/27,0,2000,-90000,-88000
2017/04/28,0,0,-20000,-20000
2017/05/01,0,0,0,0
2017/05/02,0,5000,0,5000
2017/05/03,0,0,0,0
2017/05/04,0,0,0,0
2017/05/05,0,0,0,0
2017/05/08,0,0,0,0
2017/05/09,0,0,0,0
2017/05/10,0,0,0,0
2017/05/11,0,0,0,0
2017/05/12,0,0,0,0
2017/05/15,0,373000,0,373000
2017/05/16,0,1092000,-16000,1076000
2017/05/17,0,0,0,0
2017/05/18,0,0,-10000,-10000
2017/05/19,0,0,0,0
2017/05/22,0,0,-3000,-3000
2017/05/23,0,0,0,0
2017/05/24,0,0,0,0
2017/05/25,0,0,-9000,-9000
2017/05/26,0,0,-51000,-51000
2017/05/29,0,0,0,0
2017/05/30,0,0,0,0
2017/05/31,0,15000,-2000,13000
2017/06/01,0,0,0,0
2017/06/02,0,0,-37000,-37000
2017/06/05,0,0,-42000,-42000
2017/06/06,0,0,-39000,-39000
2017/06/07,0,0,-13000,-13000
2017/06/08,0,0,-6000,-6000
2017/06/09,0,0,-13000,-13000
2017/06/12,0,0,-13000,-13000
2017/06/13,0,0,0,0
2017/06/14,0,0,-3000,-3000
2017/06/15,0,0,0,0
2017/06/16,0,971000,0,971000
2017/06/19,0,13000,-23000,-10000
2017/06/20,0,1000,-26000,-25000
2017/06/21,0,0,-348887,-348887
2017/06/22,0,0,0,0
2017/06/23,0,0,-10000,-10000
2017/06/26,0,0,-13000,-13000
2017/06/27,0,0,-9000,-9000
2017/06/28,0,0,0,0
2017/06/29,0,0,-5000,-5000
2017/06/30,0,0,-1000,-1000
2017/07/03,0,0,-33000,-33000
2017/07/04,0,147000,-9000,138000
2017/07/05,0,0,0,0
2017/07/06,0,0,0,0
2017/07/07,0,0,0,0
2017/07/10,0,0,-9000,-9000
2017/07/11,0,0,0,0
2017/07/12,0,0,-18000,-18000
2017/07/13,0,1000,-20000,-19000
2017/07/14,0,0,-19000,-19000
2017/07/17,0,727,-3000,-2273
2017/07/18,0,31000,0,31000
2017/07/19,0,857000,0,857000
2017/07/20,0,257000,0,257000
2017/07/21,0,100000,-1000,99000
2017/07/24,0,163000,0,163000
2017/07/25,0,4000,0,4000
2017/07/26,0,1000,-17000,-16000
2017/07/27,0,0,0,0
2017/07/28,0,231000,-350000,-119000
2017/07/31,0,17000,0,17000
2017/08/01,0,10000,-18000,-8000
2017/08/02,0,14000,-16000,-2000
2017/08/03,0,18000,0,18000
2017/08/04,0,23000,0,23000
2017/08/07,0,318000,0,318000
2017/08/08,0,354000,-37000,317000
2017/08/09,0,242000,0,242000
2017/08/10,0,17000,0,17000
2017/08/11,0,0,-44000,-44000
2017/08/14,0,0,-73000,-73000
2017/08/15,0,229000,-847000,-618000
2017/08/16,0,803000,-64000,739000
2017/08/17,0,1000,0,1000
2017/08/18,0,0,0,0
