2015/08/01,139.54649463940976,140.54649463940976,139.54649463940976,140.04649463940976,120000
2015/08/02,139.54649463940976,140.54649463940976,139.54649463940976,140.04649463940976,120000
2015/08/03,139.54649463940976,140.54649463940976,139.54649463940976,140.04649463940976,120000
2015/08/04,124.9276115866088,125.9276115866088,124.9276115866088,125.4276115866088,117000
2015/08/05,122.26721520260524,123.26721520260524,122.26721520260524,122.76721520260524,337000
2015/08/06,118.66049575373644,119.66049575373644,118.66049575373644,119.16049575373644,151000
2015/08/07,113.42668318335764,114.42668318335764,113.42668318335764,113.92668318335764,572000
2015/08/08,114.32827916192838,115.32827916192838,114.32827916192838,114.82827916192838,919000
2015/08/09,114.32827916192838,115.32827916192838,114.32827916192838,114.82827916192838,919000
2015/08/10,114.32827916192838,115.32827916192838,114.32827916192838,114.82827916192838,919000
2015/08/11,115.69902121344292,116.69902121344292,115.69902121344292,116.19902121344292,1006000
2015/08/12,116.92839691635555,117.92839691635555,116.92839691635555,117.42839691635555,1196000
2015/08/13,116.4698311208715,117.4698311208715,116.4698311208715,116.9698311208715,1580000
2015/08/14,116.74524892863762,117.74524892863762,116.74524892863762,117.24524892863762,1925000
2015/08/15,116.7637441313207,117.7637441313207,116.7637441313207,117.2637441313207,1748000
2015/08/16,116.7637441313207,117.7637441313207,116.7637441313207,117.2637441313207,1748000
2015/08/17,116.7637441313207,117.7637441313207,116.7637441313207,117.2637441313207,1748000
2015/08/18,118.16383031670769,119.16383031670769,118.16383031670769,118.66383031670769,2371000
2015/08/19,118.63512081204614,119.63512081204614,118.63512081204614,119.13512081204614,2291000
2015/08/20,118.49355587658745,119.49355587658745,118.49355587658745,118.99355587658745,2872000
2015/08/21,118.94325806391377,119.94325806391377,118.94325806391377,119.44325806391377,3060000
2015/08/22,119.0123943452867,120.0123943452867,119.0123943452867,119.5123943452867,3199000
2015/08/23,119.0123943452867,120.0123943452867,119.0123943452867,119.5123943452867,3199000
2015/08/24,119.0123943452867,120.0123943452867,119.0123943452867,119.5123943452867,3199000
2015/08/25,119.1736662665326,120.1736662665326,119.1736662665326,119.6736662665326,3259000
2015/08/26,116.81983858756935,117.81983858756935,116.81983858756935,117.31983858756935,3495000
2015/08/27,115.6097134601787,116.6097134601787,115.6097134601787,116.1097134601787,3272000
2015/08/28,113.25325935841214,114.25325935841214,113.25325935841214,113.75325935841214,2849000
2015/08/29,115.6013332078926,116.6013332078926,115.6013332078926,116.1013332078926,3167000
2015/08/30,115.6013332078926,116.6013332078926,115.6013332078926,116.1013332078926,3167000
2015/08/31,115.6013332078926,116.6013332078926,115.6013332078926,116.1013332078926,3167000
2015/09/01,115.7984195968398,116.7984195968398,115.7984195968398,116.2984195968398,3324000
2015/09/02,115.23878784397462,116.23878784397462,115.23878784397462,115.73878784397462,3327000
2015/09/03,115.77333899942549,116.77333899942549,115.77333899942549,116.27333899942549,2728000
2015/09/04,116.2059002898156,117.2059002898156,116.2059002898156,116.7059002898156,2872000
2015/09/05,116.17955081360923,117.17955081360923,116.17955081360923,116.67955081360923,2793000
2015/09/06,116.17955081360923,117.17955081360923,116.17955081360923,116.67955081360923,2793000
2015/09/07,116.17955081360923,117.17955081360923,116.17955081360923,116.67955081360923,2793000
2015/09/08,116.25279553674176,117.25279553674176,116.25279553674176,116.75279553674176,2456000
2015/09/09,115.90779427103588,116.90779427103588,115.90779427103588,116.40779427103588,2182000
2015/09/10,116.99893610446158,117.99893610446158,116.99893610446158,117.49893610446158,2536000
2015/09/11,118.10278003559043,119.10278003559043,118.10278003559043,118.60278003559043,2917000
2015/09/12,117.74071065518312,118.74071065518312,117.74071065518312,118.24071065518312,2822000
2015/09/13,117.74071065518312,118.74071065518312,117.74071065518312,118.24071065518312,2822000
2015/09/14,117.74071065518312,118.74071065518312,117.74071065518312,118.24071065518312,2822000
2015/09/15,117.32135686342795,118.32135686342795,117.32135686342795,117.82135686342795,2700000
2015/09/16,117.32135686342795,118.32135686342795,117.32135686342795,117.82135686342795,2326800
2015/09/17,117.62801916257617,118.62801916257617,117.62801916257617,118.12801916257617,2168800
2015/09/18,117.83887914830557,118.83887914830557,117.83887914830557,118.33887914830557,2160800
2015/09/19,117.89593937152063,118.89593937152063,117.89593937152063,118.39593937152063,2041500
2015/09/20,117.89593937152063,118.89593937152063,117.89593937152063,118.39593937152063,2041500
2015/09/21,117.89593937152063,118.89593937152063,117.89593937152063,118.39593937152063,2041500
2015/09/22,117.92156416482979,118.92156416482979,117.92156416482979,118.42156416482979,1665500
2015/09/23,117.85060516248602,118.85060516248602,117.85060516248602,118.35060516248602,1653000
2015/09/24,118.44636545186593,119.44636545186593,118.44636545186593,118.94636545186593,1248000
2015/09/25,117.91216868906484,118.91216868906484,117.91216868906484,118.41216868906484,1222000
2015/09/26,117.31103528798089,118.31103528798089,117.31103528798089,117.81103528798089,1626000
2015/09/27,117.31103528798089,118.31103528798089,117.31103528798089,117.81103528798089,1626000
2015/09/28,117.31103528798089,118.31103528798089,117.31103528798089,117.81103528798089,1626000
2015/09/29,117.31103528798089,118.31103528798089,117.31103528798089,117.81103528798089,1626000
2015/09/30,117.31103528798089,118.31103528798089,117.31103528798089,117.81103528798089,1626000
2015/10/01,118.54032057688785,119.54032057688785,118.54032057688785,119.04032057688785,2079000
2015/10/02,118.57342085663859,119.57342085663859,118.57342085663859,119.07342085663859,1444000
2015/10/03,117.01120192478626,118.01120192478626,117.01120192478626,117.51120192478626,1068000
2015/10/04,117.01120192478626,118.01120192478626,117.01120192478626,117.51120192478626,1068000
2015/10/05,117.01120192478626,118.01120192478626,117.01120192478626,117.51120192478626,1068000
2015/10/06,117.72654469474956,118.72654469474956,117.72654469474956,118.22654469474956,1064000
2015/10/07,122.56051747423606,123.56051747423606,122.56051747423606,123.06051747423606,1336000
2015/10/08,120.67972015798853,121.67972015798853,120.67972015798853,121.17972015798853,1269000
2015/10/09,124.93650125283614,125.93650125283614,124.93650125283614,125.43650125283614,1151000
2015/10/10,124.93650125283614,125.93650125283614,124.93650125283614,125.43650125283614,1151000
2015/10/11,124.93650125283614,125.93650125283614,124.93650125283614,125.43650125283614,1151000
2015/10/12,124.93650125283614,125.93650125283614,124.93650125283614,125.43650125283614,1151000
2015/10/13,125.01581320908139,126.01581320908139,125.01581320908139,125.51581320908139,883000
2015/10/14,125.26587201721294,126.26587201721294,125.26587201721294,125.76587201721294,742000
2015/10/15,125.31654721975691,126.31654721975691,125.31654721975691,125.81654721975691,724000
2015/10/16,123.02506053210095,124.02506053210095,123.02506053210095,123.52506053210095,516000
2015/10/17,122.52562580767844,123.52562580767844,122.52562580767844,123.02562580767844,623000
2015/10/18,122.52562580767844,123.52562580767844,122.52562580767844,123.02562580767844,623000
2015/10/19,122.52562580767844,123.52562580767844,122.52562580767844,123.02562580767844,623000
2015/10/20,122.28256395554733,123.28256395554733,122.28256395554733,122.78256395554733,527000
2015/10/21,120.9888086247916,121.9888086247916,120.9888086247916,121.4888086247916,1065000
2015/10/22,121.07267050034001,122.07267050034001,121.07267050034001,121.57267050034001,1111000
2015/10/23,120.8815399029043,121.8815399029043,120.8815399029043,121.3815399029043,953000
2015/10/24,122.22255320794811,123.22255320794811,122.22255320794811,122.72255320794811,1172000
2015/10/25,122.22255320794811,123.22255320794811,122.22255320794811,122.72255320794811,1172000
2015/10/26,122.22255320794811,123.22255320794811,122.22255320794811,122.72255320794811,1172000
2015/10/27,122.72671266847023,123.72671266847023,122.72671266847023,123.22671266847023,1432488
2015/10/28,123.26102435138665,124.26102435138665,123.26102435138665,123.76102435138665,1599488
2015/10/29,125.73015523933053,126.73015523933053,125.73015523933053,126.23015523933053,2758488
2015/10/30,125.87198051336556,126.87198051336556,125.87198051336556,126.37198051336556,3010488
2015/10/31,126.37496498052141,127.37496498052141,126.37496498052141,126.87496498052141,3169488
2015/11/01,126.37496498052141,127.37496498052141,126.37496498052141,126.87496498052141,3169488
2015/11/02,126.37496498052141,127.37496498052141,126.37496498052141,126.87496498052141,3169488
2015/11/03,127.28693832425782,128.28693832425782,127.28693832425782,127.78693832425782,3161488
2015/11/04,127.35456984754353,128.35456984754353,127.35456984754353,127.85456984754353,3038610
2015/11/05,127.85543658292735,128.85543658292735,127.85543658292735,128.35543658292735,3063610
2015/11/06,127.26424767676896,128.26424767676895,127.26424767676896,127.76424767676896,3053810
2015/11/07,126.57596786874214,127.57596786874214,126.57596786874214,127.07596786874214,2770810
2015/11/08,126.57596786874214,127.57596786874214,126.57596786874214,127.07596786874214,2770810
2015/11/09,126.57596786874214,127.57596786874214,126.57596786874214,127.07596786874214,2770810
2015/11/10,126.88748223655817,127.88748223655817,126.88748223655817,127.38748223655817,3032810
2015/11/11,129.2910363969397,130.2910363969397,129.2910363969397,129.7910363969397,4604110
2015/11/12,129.28382033381604,130.28382033381604,129.28382033381604,129.78382033381604,5037110
2015/11/13,129.2826840669175,130.2826840669175,129.2826840669175,129.7826840669175,5259610
2015/11/14,130.23819110328944,131.23819110328944,130.23819110328944,130.73819110328944,6497610
2015/11/15,130.23819110328944,131.23819110328944,130.23819110328944,130.73819110328944,6497610
2015/11/16,130.23819110328944,131.23819110328944,130.23819110328944,130.73819110328944,6497610
2015/11/17,131.07262937684084,132.07262937684084,131.07262937684084,131.57262937684084,6691610
2015/11/18,132.47586621094783,133.47586621094783,132.47586621094783,132.97586621094783,7025610
2015/11/19,133.73014869156825,134.73014869156825,133.73014869156825,134.23014869156825,7305610
2015/11/20,133.86376015274175,134.86376015274175,133.86376015274175,134.36376015274175,7799610
2015/11/21,133.8973816487293,134.8973816487293,133.8973816487293,134.3973816487293,7716610
2015/11/22,133.8973816487293,134.8973816487293,133.8973816487293,134.3973816487293,7716610
2015/11/23,133.8973816487293,134.8973816487293,133.8973816487293,134.3973816487293,7716610
2015/11/24,134.4567264881279,135.4567264881279,134.4567264881279,134.9567264881279,8214122
2015/11/25,135.3970876749882,136.3970876749882,135.3970876749882,135.8970876749882,7804122
2015/11/26,135.51862934406535,136.51862934406535,135.51862934406535,136.01862934406535,8372122
2015/11/27,136.3757279632707,137.3757279632707,136.3757279632707,136.8757279632707,8229122
2015/11/28,136.32697410833134,137.32697410833134,136.32697410833134,136.82697410833134,8660122
2015/11/29,136.32697410833134,137.32697410833134,136.32697410833134,136.82697410833134,8660122
2015/11/30,136.32697410833134,137.32697410833134,136.32697410833134,136.82697410833134,8660122
2015/12/01,136.35493556623638,137.35493556623638,136.35493556623638,136.85493556623638,9149122
2015/12/02,136.6346348349493,137.6346348349493,136.6346348349493,137.1346348349493,9836122
2015/12/03,136.8859219055871,137.8859219055871,136.8859219055871,137.3859219055871,9860122
2015/12/04,137.07827633812232,138.07827633812232,137.07827633812232,137.57827633812232,9681122
2015/12/05,137.00001843222861,138.00001843222861,137.00001843222861,137.50001843222861,9324122
2015/12/06,137.00001843222861,138.00001843222861,137.00001843222861,137.50001843222861,9324122
2015/12/07,137.00001843222861,138.00001843222861,137.00001843222861,137.50001843222861,9324122
2015/12/08,137.37614880094245,138.37614880094245,137.37614880094245,137.87614880094245,8672122
2015/12/09,137.1252777540087,138.1252777540087,137.1252777540087,137.6252777540087,9419122
2015/12/10,137.12666868960753,138.12666868960753,137.12666868960753,137.62666868960753,9388122
2015/12/11,136.5281844571751,137.5281844571751,136.5281844571751,137.0281844571751,10228881
2015/12/12,136.34380911230033,137.34380911230033,136.34380911230033,136.84380911230033,10463393
2015/12/13,136.34380911230033,137.34380911230033,136.34380911230033,136.84380911230033,10463393
2015/12/14,136.34380911230033,137.34380911230033,136.34380911230033,136.84380911230033,10463393
2015/12/15,135.83902357877025,136.83902357877025,135.83902357877025,136.33902357877025,10962393
2015/12/16,135.80370002644247,136.80370002644247,135.80370002644247,136.30370002644247,9948393
2015/12/17,135.3706807141784,136.3706807141784,135.3706807141784,135.8706807141784,10194393
2015/12/18,134.3961832246931,135.3961832246931,134.3961832246931,134.8961832246931,10732393
2015/12/19,134.35378890407316,135.35378890407316,134.35378890407316,134.85378890407316,10176393
2015/12/20,134.35378890407316,135.35378890407316,134.35378890407316,134.85378890407316,10176393
2015/12/21,134.35378890407316,135.35378890407316,134.35378890407316,134.85378890407316,10176393
2015/12/22,134.37597848911295,135.37597848911295,134.37597848911295,134.87597848911295,9985271
2015/12/23,134.31954228383591,135.31954228383591,134.31954228383591,134.81954228383591,9895271
2015/12/24,134.42693141878217,135.42693141878217,134.42693141878217,134.92693141878217,9856271
2015/12/25,134.2940948717121,135.2940948717121,134.2940948717121,134.7940948717121,10533271
2015/12/26,134.2821447411528,135.2821447411528,134.2821447411528,134.7821447411528,10373271
2015/12/27,134.2821447411528,135.2821447411528,134.2821447411528,134.7821447411528,10373271
2015/12/28,134.2821447411528,135.2821447411528,134.2821447411528,134.7821447411528,10373271
2015/12/29,134.32466174032672,135.32466174032672,134.32466174032672,134.82466174032672,8698271
2015/12/30,134.36652224041896,135.36652224041896,134.36652224041896,134.86652224041896,8408271
2015/12/31,134.40953687501943,135.40953687501943,134.40953687501943,134.90953687501943,8056089
2016/01/01,134.10365685400413,135.10365685400413,134.10365685400413,134.60365685400413,6905089
2016/01/02,134.10365685400413,135.10365685400413,134.10365685400413,134.60365685400413,6905089
2016/01/03,134.10365685400413,135.10365685400413,134.10365685400413,134.60365685400413,6905089
2016/01/04,134.10365685400413,135.10365685400413,134.10365685400413,134.60365685400413,6905089
2016/01/05,134.0164722314399,135.0164722314399,134.0164722314399,134.5164722314399,6021089
2016/01/06,132.07733559798896,133.07733559798896,132.07733559798896,132.57733559798896,5400089
2016/01/07,130.96907357820712,131.96907357820712,130.96907357820712,131.46907357820712,4321089
2016/01/08,130.19192457616165,131.19192457616165,130.19192457616165,130.69192457616165,4093089
2016/01/09,128.3684634643767,129.3684634643767,128.3684634643767,128.8684634643767,4378089
2016/01/10,128.3684634643767,129.3684634643767,128.3684634643767,128.8684634643767,4378089
2016/01/11,128.3684634643767,129.3684634643767,128.3684634643767,128.8684634643767,4378089
2016/01/12,126.66022170612204,127.66022170612204,126.66022170612204,127.16022170612204,4040577
2016/01/13,121.39353458660749,122.39353458660749,121.39353458660749,121.89353458660749,4357577
2016/01/14,114.65831567357002,115.65831567357002,114.65831567357002,115.15831567357002,4775577
2016/01/15,113.01826967621145,114.01826967621145,113.01826967621145,113.51826967621145,4184577
2016/01/16,111.6464041934746,112.6464041934746,111.6464041934746,112.1464041934746,3418577
2016/01/17,111.6464041934746,112.6464041934746,111.6464041934746,112.1464041934746,3418577
2016/01/18,111.6464041934746,112.6464041934746,111.6464041934746,112.1464041934746,3418577
2016/01/19,108.66492478390967,109.66492478390967,108.66492478390967,109.16492478390967,2995577
2016/01/20,103.85090288196804,104.85090288196804,103.85090288196804,104.35090288196804,1747577
2016/01/21,102.39463356647269,103.39463356647269,102.39463356647269,102.89463356647269,1251577
2016/01/22,102.49555795538622,103.49555795538622,102.49555795538622,102.99555795538622,970577
2016/01/23,105.89633042127087,106.89633042127087,105.89633042127087,106.39633042127087,1169577
2016/01/24,105.89633042127087,106.89633042127087,105.89633042127087,106.39633042127087,1169577
2016/01/25,105.89633042127087,106.89633042127087,105.89633042127087,106.39633042127087,1169577
2016/01/26,107.53721686363545,108.53721686363545,107.53721686363545,108.03721686363545,1275577
2016/01/27,74.49970360432259,74.49970360432259,74.2997036043226,74.3997036043226,271423
2016/01/28,83.8830972794288,83.8830972794288,83.68309727942881,83.7830972794288,862423
2016/01/29,87.95301238466189,87.95301238466189,87.7530123846619,87.8530123846619,2606182
2016/01/30,88.48839921741272,88.48839921741272,88.28839921741273,88.38839921741273,3333182
2016/01/31,88.48839921741272,88.48839921741272,88.28839921741273,88.38839921741273,3333182
2016/02/01,88.48839921741272,88.48839921741272,88.28839921741273,88.38839921741273,3333182
2016/02/02,90.31621972765001,90.31621972765001,90.11621972765002,90.21621972765001,4319182
2016/02/03,90.20681494863628,90.20681494863628,90.00681494863629,90.10681494863628,5032182
2016/02/04,90.99575146582065,90.99575146582065,90.79575146582066,90.89575146582065,5542182
2016/02/05,90.99575146582065,90.99575146582065,90.79575146582066,90.89575146582065,5542182
2016/02/06,90.99575146582065,90.99575146582065,90.79575146582066,90.89575146582065,5542182
2016/02/07,90.99575146582065,90.99575146582065,90.79575146582066,90.89575146582065,5542182
2016/02/08,90.99575146582065,90.99575146582065,90.79575146582066,90.89575146582065,5542182
2016/02/09,90.99575146582065,90.99575146582065,90.79575146582066,90.89575146582065,5542182
2016/02/10,90.99575146582065,90.99575146582065,90.79575146582066,90.89575146582065,5542182
2016/02/11,90.99575146582065,90.99575146582065,90.79575146582066,90.89575146582065,5542182
2016/02/12,90.99575146582065,90.99575146582065,90.79575146582066,90.89575146582065,5542182
2016/02/13,90.99575146582065,90.99575146582065,90.79575146582066,90.89575146582065,5542182
2016/02/14,90.99575146582065,90.99575146582065,90.79575146582066,90.89575146582065,5542182
2016/02/15,90.99575146582065,90.99575146582065,90.79575146582066,90.89575146582065,5542182
2016/02/16,91.05129876467159,91.05129876467159,90.8512987646716,90.95129876467159,6695182
2016/02/17,91.21268236359714,91.21268236359714,91.01268236359715,91.11268236359714,7074482
2016/02/18,91.24220023954743,91.24220023954743,91.04220023954744,91.14220023954744,7202482
2016/02/19,91.74147508983174,91.74147508983174,91.54147508983175,91.64147508983174,7753563
2016/02/20,91.38829555493591,91.38829555493591,91.18829555493592,91.28829555493591,7469563
2016/02/21,91.38829555493591,91.38829555493591,91.18829555493592,91.28829555493591,7469563
2016/02/22,91.38829555493591,91.38829555493591,91.18829555493592,91.28829555493591,7469563
2016/02/23,92.0069792630074,92.0069792630074,91.8069792630074,91.9069792630074,7788563
2016/02/24,92.00838674741621,92.00838674741621,91.80838674741622,91.90838674741622,7728563
2016/02/25,92.48769059873709,92.48769059873709,92.2876905987371,92.3876905987371,8106563
2016/02/26,92.86060706840205,92.86060706840205,92.66060706840206,92.76060706840205,8280563
2016/02/27,93.31293580725858,93.31293580725858,93.1129358072586,93.21293580725859,8517381
2016/02/28,93.31293580725858,93.31293580725858,93.1129358072586,93.21293580725859,8517381
2016/02/29,93.31293580725858,93.31293580725858,93.1129358072586,93.21293580725859,8517381
2016/03/01,93.31293580725858,93.31293580725858,93.1129358072586,93.21293580725859,8517381
2016/03/02,94.57817412078825,94.57817412078825,94.37817412078826,94.47817412078825,9054381
2016/03/03,96.06669146488086,96.06669146488086,95.86669146488087,95.96669146488087,9250381
2016/03/04,96.62054823042695,96.62054823042695,96.42054823042696,96.52054823042695,9778081
2016/03/05,96.84183511548422,96.84183511548422,96.64183511548423,96.74183511548422,9638081
2016/03/06,96.84183511548422,96.84183511548422,96.64183511548423,96.74183511548422,9638081
2016/03/07,96.84183511548422,96.84183511548422,96.64183511548423,96.74183511548422,9638081
2016/03/08,97.5264249976669,97.5264249976669,97.3264249976669,97.4264249976669,9967081
2016/03/09,97.33918206626167,97.33918206626167,97.13918206626168,97.23918206626168,10068081
2016/03/10,98.52936374540253,98.52936374540253,98.32936374540255,98.42936374540254,10724081
2016/03/11,98.38370970386471,98.38370970386471,98.18370970386472,98.28370970386472,11045081
2016/03/12,98.57028788532317,98.57028788532317,98.37028788532318,98.47028788532317,12170081
2016/03/13,98.57028788532317,98.57028788532317,98.37028788532318,98.47028788532317,12170081
2016/03/14,98.57028788532317,98.57028788532317,98.37028788532318,98.47028788532317,12170081
2016/03/15,98.75815741722523,98.75815741722523,98.55815741722525,98.65815741722524,11707081
2016/03/16,99.19345865548505,99.19345865548505,98.99345865548506,99.09345865548505,11319081
2016/03/17,99.17360954196992,99.17360954196992,98.97360954196994,99.07360954196993,10704081
2016/03/18,99.37065605030462,99.37065605030462,99.17065605030463,99.27065605030462,10092081
2016/03/19,99.62475646177244,99.62475646177244,99.42475646177245,99.52475646177244,9443577
2016/03/20,99.62475646177244,99.62475646177244,99.42475646177245,99.52475646177244,9443577
2016/03/21,99.62475646177244,99.62475646177244,99.42475646177245,99.52475646177244,9443577
2016/03/22,100.6475421269894,100.6475421269894,99.6475421269894,100.1475421269894,9314577
2016/03/23,101.09505121798178,101.09505121798178,100.09505121798178,100.59505121798178,9244577
2016/03/24,101.24021973273106,101.24021973273106,100.24021973273106,100.74021973273106,9136577
2016/03/25,102.26003353111828,102.26003353111828,101.26003353111828,101.76003353111828,8927577
2016/03/26,103.39241546026918,103.39241546026918,102.39241546026918,102.89241546026918,8874577
2016/03/27,103.39241546026918,103.39241546026918,102.39241546026918,102.89241546026918,8874577
2016/03/28,103.39241546026918,103.39241546026918,102.39241546026918,102.89241546026918,8874577
2016/03/29,105.71881037849948,105.71881037849948,104.71881037849948,105.21881037849948,7929577
2016/03/30,106.44872475373195,106.44872475373195,105.44872475373195,105.94872475373195,7464577
2016/03/31,106.88536723319417,106.88536723319417,105.88536723319417,106.38536723319417,6871577
2016/04/01,108.2903039781439,108.2903039781439,107.2903039781439,107.7903039781439,5660577
2016/04/02,108.68780854317062,108.68780854317062,107.68780854317062,108.18780854317062,5719203
2016/04/03,108.68780854317062,108.68780854317062,107.68780854317062,108.18780854317062,5719203
2016/04/04,108.68780854317062,108.68780854317062,107.68780854317062,108.18780854317062,5719203
2016/04/05,108.68780854317062,108.68780854317062,107.68780854317062,108.18780854317062,5719203
2016/04/06,108.68780854317062,108.68780854317062,107.68780854317062,108.18780854317062,5719203
2016/04/07,109.59525755752503,109.59525755752503,108.59525755752503,109.09525755752503,4874203
2016/04/08,111.18852605676385,111.18852605676385,110.18852605676385,110.68852605676385,4159903
2016/04/09,111.9802189043925,111.9802189043925,110.9802189043925,111.4802189043925,3690903
2016/04/10,111.9802189043925,111.9802189043925,110.9802189043925,111.4802189043925,3690903
2016/04/11,111.9802189043925,111.9802189043925,110.9802189043925,111.4802189043925,3690903
2016/04/12,112.74797515420337,112.74797515420337,111.74797515420337,112.24797515420337,3239822
2016/04/13,112.73491205338517,112.73491205338517,111.73491205338517,112.23491205338517,3210822
2016/04/14,113.03211865255362,113.03211865255362,112.03211865255362,112.53211865255362,2381822
2016/04/15,112.91495632588381,112.91495632588381,111.91495632588381,112.41495632588381,2318822
2016/04/16,113.32136523714907,113.32136523714907,112.32136523714907,112.82136523714907,1751822
2016/04/17,113.32136523714907,113.32136523714907,112.32136523714907,112.82136523714907,1751822
2016/04/18,113.32136523714907,113.32136523714907,112.32136523714907,112.82136523714907,1751822
2016/04/19,111.80574229683134,111.80574229683134,110.80574229683134,111.30574229683134,1866822
2016/04/20,109.4208069427191,109.4208069427191,108.4208069427191,108.9208069427191,1899822
2016/04/21,106.64108779903141,106.64108779903141,105.64108779903141,106.14108779903141,1787822
2016/04/22,103.63866200148311,103.63866200148311,102.63866200148311,103.13866200148311,1424822
2016/04/23,102.99428112236598,102.99428112236598,101.99428112236598,102.49428112236598,881122
2016/04/24,102.99428112236598,102.99428112236598,101.99428112236598,102.49428112236598,881122
2016/04/25,102.99428112236598,102.99428112236598,101.99428112236598,102.49428112236598,881122
2016/04/26,101.49074000381498,101.49074000381498,100.49074000381498,100.99074000381498,976122
2016/04/27,98.16155090342133,98.16155090342133,97.96155090342134,98.06155090342133,946122
2016/04/28,98.89733910371332,98.89733910371332,98.69733910371333,98.79733910371333,915122
2016/04/29,93.71104345140472,93.71104345140472,93.51104345140473,93.61104345140473,341122
2016/04/30,95.93490888875316,95.93490888875316,95.73490888875317,95.83490888875316,432122
2016/05/01,95.93490888875316,95.93490888875316,95.73490888875317,95.83490888875316,432122
2016/05/02,95.93490888875316,95.93490888875316,95.73490888875317,95.83490888875316,432122
2016/05/03,95.93490888875316,95.93490888875316,95.73490888875317,95.83490888875316,432122
2016/05/04,80.62086024330033,80.82086024330032,80.62086024330033,80.72086024330032,126878
2016/05/05,93.13663338268647,93.13663338268647,92.93663338268648,93.03663338268647,88122
2016/05/06,78.21639155482187,78.41639155482186,78.21639155482187,78.31639155482186,350878
2016/05/07,98.35435468328758,98.35435468328758,98.1543546832876,98.25435468328759,116122
2016/05/08,98.35435468328758,98.35435468328758,98.1543546832876,98.25435468328759,116122
2016/05/09,98.35435468328758,98.35435468328758,98.1543546832876,98.25435468328759,116122
2016/05/10,87.59125988481276,87.59125988481276,87.39125988481277,87.49125988481276,638122
2016/05/11,88.1562133511955,88.1562133511955,87.95621335119552,88.05621335119551,1445626
2016/05/12,84.92841454951208,84.92841454951208,84.7284145495121,84.82841454951209,1701626
2016/05/13,82.45146725478435,82.45146725478435,82.25146725478436,82.35146725478435,1861626
2016/05/14,81.59448739780724,81.59448739780724,81.39448739780725,81.49448739780725,1991626
2016/05/15,81.59448739780724,81.59448739780724,81.39448739780725,81.49448739780725,1991626
2016/05/16,81.59448739780724,81.59448739780724,81.39448739780725,81.49448739780725,1991626
2016/05/17,82.42547858812658,82.42547858812658,82.22547858812659,82.32547858812659,1530626
2016/05/18,78.39167637505311,78.39167637505311,78.19167637505312,78.29167637505311,1335626
2016/05/19,78.3902767712708,78.3902767712708,78.19027677127082,78.29027677127081,1504626
2016/05/20,78.7597668787173,78.7597668787173,78.55976687871731,78.6597668787173,1694626
2016/05/21,78.88022306940894,78.88022306940894,78.68022306940895,78.78022306940895,2000626
2016/05/22,78.88022306940894,78.88022306940894,78.68022306940895,78.78022306940895,2000626
2016/05/23,78.88022306940894,78.88022306940894,78.68022306940895,78.78022306940895,2000626
2016/05/24,79.43676242012113,79.43676242012113,79.23676242012114,79.33676242012113,2251626
2016/05/25,79.15043690480962,79.15043690480962,78.95043690480964,79.05043690480963,2090000
2016/05/26,81.0674332042503,81.0674332042503,80.86743320425032,80.96743320425031,2343000
2016/05/27,81.12948952404437,81.12948952404437,80.92948952404439,81.02948952404438,1958000
2016/05/28,81.52431147974676,81.52431147974676,81.32431147974677,81.42431147974676,1225000
2016/05/29,81.52431147974676,81.52431147974676,81.32431147974677,81.42431147974676,1225000
2016/05/30,81.52431147974676,81.52431147974676,81.32431147974677,81.42431147974676,1225000
2016/05/31,80.96774241913397,80.96774241913397,80.76774241913398,80.86774241913398,700000
2016/06/01,80.31832408839105,80.31832408839105,80.11832408839106,80.21832408839106,98000
2016/06/02,81.41146867965513,81.41146867965513,81.21146867965514,81.31146867965514,551000
2016/06/03,109.84412286335564,110.84412286335564,109.84412286335564,110.34412286335564,455000
2016/06/04,118.33632129784455,119.33632129784455,118.33632129784455,118.83632129784455,345000
2016/06/05,118.33632129784455,119.33632129784455,118.33632129784455,118.83632129784455,345000
2016/06/06,118.33632129784455,119.33632129784455,118.33632129784455,118.83632129784455,345000
2016/06/07,99.55803839395955,99.75803839395954,99.55803839395955,99.65803839395954,928000
2016/06/08,93.37905169012343,93.57905169012342,93.37905169012343,93.47905169012343,1475000
2016/06/09,94.70080656455403,94.90080656455402,94.70080656455403,94.80080656455402,2219776
2016/06/10,94.70080656455403,94.90080656455402,94.70080656455403,94.80080656455402,2219776
2016/06/11,94.70080656455403,94.90080656455402,94.70080656455403,94.80080656455402,2219776
2016/06/12,94.70080656455403,94.90080656455402,94.70080656455403,94.80080656455402,2219776
2016/06/13,94.70080656455403,94.90080656455402,94.70080656455403,94.80080656455402,2219776
2016/06/14,93.618348155585,93.81834815558499,93.618348155585,93.71834815558499,2199402
2016/06/15,91.18881920112949,91.38881920112948,91.18881920112949,91.28881920112948,2146402
2016/06/16,93.16390612156981,93.3639061215698,93.16390612156981,93.2639061215698,2255402
2016/06/17,91.79248419583057,91.99248419583056,91.79248419583057,91.89248419583056,2442402
2016/06/18,91.85938107689726,92.05938107689725,91.85938107689726,91.95938107689726,2437402
2016/06/19,91.85938107689726,92.05938107689725,91.85938107689726,91.95938107689726,2437402
2016/06/20,91.85938107689726,92.05938107689725,91.85938107689726,91.95938107689726,2437402
2016/06/21,91.73150027657213,91.93150027657212,91.73150027657213,91.83150027657213,2333402
2016/06/22,88.85514458205473,89.05514458205472,88.85514458205473,88.95514458205473,3250402
2016/06/23,87.59126866743854,87.79126866743853,87.59126866743854,87.69126866743854,2684402
2016/06/24,87.57206107849402,87.772061078494,87.57206107849402,87.67206107849401,2143402
2016/06/25,87.41573749792065,87.61573749792063,87.41573749792065,87.51573749792064,1598402
2016/06/26,87.41573749792065,87.61573749792063,87.41573749792065,87.51573749792064,1598402
2016/06/27,87.41573749792065,87.61573749792063,87.41573749792065,87.51573749792064,1598402
2016/06/28,87.74740919973006,87.94740919973005,87.74740919973006,87.84740919973005,1039402
2016/06/29,87.65680329675895,87.85680329675894,87.65680329675895,87.75680329675895,1374402
2016/06/30,88.3149290784889,88.51492907848889,88.3149290784889,88.4149290784889,1745402
2016/07/01,88.77493048403406,88.97493048403405,88.77493048403406,88.87493048403405,1983402
2016/07/02,90.05449541438064,90.25449541438063,90.05449541438064,90.15449541438063,2249402
2016/07/03,90.05449541438064,90.25449541438063,90.05449541438064,90.15449541438063,2249402
2016/07/04,90.05449541438064,90.25449541438063,90.05449541438064,90.15449541438063,2249402
2016/07/05,89.66573821265386,89.86573821265385,89.66573821265386,89.76573821265386,2378402
2016/07/06,89.78270923965292,89.9827092396529,89.78270923965292,89.88270923965291,2271402
2016/07/07,89.09794211144744,89.29794211144743,89.09794211144744,89.19794211144743,2202402
2016/07/08,89.18360360582498,89.38360360582497,89.18360360582498,89.28360360582498,2412626
2016/07/09,89.18360360582498,89.38360360582497,89.18360360582498,89.28360360582498,2412626
2016/07/10,89.18360360582498,89.38360360582497,89.18360360582498,89.28360360582498,2412626
2016/07/11,89.18360360582498,89.38360360582497,89.18360360582498,89.28360360582498,2412626
2016/07/12,89.2201424344011,89.42014243440109,89.2201424344011,89.32014243440109,2264626
2016/07/13,89.10790488330385,89.30790488330383,89.10790488330385,89.20790488330384,2315626
2016/07/14,89.16912564572883,89.36912564572881,89.16912564572883,89.26912564572882,1171626
2016/07/15,89.04971055441632,89.24971055441631,89.04971055441632,89.14971055441632,1134626
2016/07/16,89.06342960297687,89.26342960297686,89.06342960297687,89.16342960297686,831626
2016/07/17,89.06342960297687,89.26342960297686,89.06342960297687,89.16342960297686,831626
2016/07/18,89.06342960297687,89.26342960297686,89.06342960297687,89.16342960297686,831626
2016/07/19,88.90106783244786,89.10106783244785,88.90106783244786,89.00106783244786,150626
2016/07/20,61.409870834329915,61.409870834329915,61.20987083432991,61.309870834329914,501374
2016/07/21,72.66721926851267,72.66721926851267,72.46721926851268,72.56721926851267,872374
2016/07/22,77.60868890460152,77.60868890460152,77.40868890460153,77.50868890460153,876374
2016/07/23,79.09711117251591,79.09711117251591,78.89711117251592,78.99711117251591,1357374
2016/07/24,79.09711117251591,79.09711117251591,78.89711117251592,78.99711117251591,1357374
2016/07/25,79.09711117251591,79.09711117251591,78.89711117251592,78.99711117251591,1357374
2016/07/26,78.89604163966567,78.89604163966567,78.69604163966568,78.79604163966567,2611374
2016/07/27,80.33179562679517,80.33179562679517,80.13179562679518,80.23179562679518,3191374
2016/07/28,79.75908394140357,79.75908394140357,79.55908394140359,79.65908394140358,3501374
2016/07/29,79.81844656251562,79.81844656251562,79.61844656251563,79.71844656251562,3548374
2016/07/30,79.73815808113838,79.73815808113838,79.53815808113839,79.63815808113839,3831150
2016/07/31,79.73815808113838,79.73815808113838,79.53815808113839,79.63815808113839,3831150
2016/08/01,79.73815808113838,79.73815808113838,79.53815808113839,79.63815808113839,3831150
2016/08/02,79.88317596438857,79.88317596438857,79.68317596438858,79.78317596438858,3590776
2016/08/03,79.84990361782907,79.84990361782907,79.64990361782908,79.74990361782908,3881776
2016/08/04,80.00277425182865,80.00277425182865,79.80277425182867,79.90277425182866,3985776
2016/08/05,80.08336740915225,80.08336740915225,79.88336740915226,79.98336740915225,3993776
2016/08/06,80.1159620797691,80.1159620797691,79.91596207976912,80.01596207976911,4225776
2016/08/07,80.1159620797691,80.1159620797691,79.91596207976912,80.01596207976911,4225776
2016/08/08,80.1159620797691,80.1159620797691,79.91596207976912,80.01596207976911,4225776
2016/08/09,80.53502605778776,80.53502605778776,80.33502605778777,80.43502605778777,4309776
2016/08/10,80.56867162719216,80.56867162719216,80.36867162719217,80.46867162719217,5168776
2016/08/11,80.64056227254862,80.64056227254862,80.44056227254863,80.54056227254863,4946776
2016/08/12,80.7680372854236,80.7680372854236,80.56803728542361,80.66803728542361,4476776
2016/08/13,80.9348439294426,80.9348439294426,80.7348439294426,80.8348439294426,3952776
2016/08/14,80.9348439294426,80.9348439294426,80.7348439294426,80.8348439294426,3952776
2016/08/15,80.9348439294426,80.9348439294426,80.7348439294426,80.8348439294426,3952776
2016/08/16,81.37330764864006,81.37330764864006,81.17330764864008,81.27330764864007,3760776
2016/08/17,81.52313330219017,81.52313330219017,81.32313330219019,81.42313330219018,3706776
2016/08/18,81.51639423150353,81.51639423150353,81.31639423150354,81.41639423150353,3745086
2016/08/19,81.62697564394138,81.62697564394138,81.42697564394139,81.52697564394138,3538086
2016/08/20,81.59998430326331,81.59998430326331,81.39998430326332,81.49998430326332,3575776
2016/08/21,81.59998430326331,81.59998430326331,81.39998430326332,81.49998430326332,3575776
2016/08/22,81.59998430326331,81.59998430326331,81.39998430326332,81.49998430326332,3575776
2016/08/23,81.45744120023853,81.45744120023853,81.25744120023855,81.35744120023854,3671776
2016/08/24,81.48569169508424,81.48569169508424,81.28569169508425,81.38569169508425,3612776
2016/08/25,81.85739817709782,81.85739817709782,81.65739817709783,81.75739817709783,3268776
2016/08/26,82.02092842132932,82.02092842132932,81.82092842132933,81.92092842132932,3274000
2016/08/27,82.28822129284144,82.28822129284144,82.08822129284145,82.18822129284145,3067000
2016/08/28,82.28822129284144,82.28822129284144,82.08822129284145,82.18822129284145,3067000
2016/08/29,82.28822129284144,82.28822129284144,82.08822129284145,82.18822129284145,3067000
2016/08/30,82.28079996976383,82.28079996976383,82.08079996976385,82.18079996976384,3074000
2016/08/31,82.70641625565159,82.70641625565159,82.5064162556516,82.6064162556516,1814000
2016/09/01,82.67874346080012,82.67874346080012,82.47874346080013,82.57874346080013,1528000
2016/09/02,82.3375921200338,82.3375921200338,82.13759212003382,82.23759212003381,1547000
2016/09/03,81.71474932197663,81.71474932197663,81.51474932197664,81.61474932197663,1104000
2016/09/04,81.71474932197663,81.71474932197663,81.51474932197664,81.61474932197663,1104000
2016/09/05,81.71474932197663,81.71474932197663,81.51474932197664,81.61474932197663,1104000
2016/09/06,81.99867864163322,81.99867864163322,81.79867864163323,81.89867864163323,1441000
2016/09/07,82.10234795433122,82.10234795433122,81.90234795433123,82.00234795433123,1475000
2016/09/08,82.87762576767055,82.87762576767055,82.67762576767056,82.77762576767056,2013000
2016/09/09,82.44706545308647,82.44706545308647,82.24706545308648,82.34706545308647,1779000
2016/09/10,82.24763475512937,82.24763475512937,82.04763475512938,82.14763475512937,1506000
2016/09/11,82.24763475512937,82.24763475512937,82.04763475512938,82.14763475512937,1506000
2016/09/12,82.24763475512937,82.24763475512937,82.04763475512938,82.14763475512937,1506000
2016/09/13,80.9779513573283,80.9779513573283,80.7779513573283,80.8779513573283,1046000
2016/09/14,80.57764894312076,80.57764894312076,80.37764894312078,80.47764894312077,1157000
2016/09/15,80.67825347906697,80.67825347906697,80.47825347906698,80.57825347906697,1154000
2016/09/16,80.67825347906697,80.67825347906697,80.47825347906698,80.57825347906697,1154000
2016/09/17,80.67825347906697,80.67825347906697,80.47825347906698,80.57825347906697,1154000
2016/09/18,80.67825347906697,80.67825347906697,80.47825347906698,80.57825347906697,1154000
2016/09/19,80.67825347906697,80.67825347906697,80.47825347906698,80.57825347906697,1154000
2016/09/20,80.84140629125889,80.84140629125889,80.6414062912589,80.7414062912589,1248000
2016/09/21,80.927585450724,80.927585450724,80.727585450724,80.827585450724,1162000
2016/09/22,80.7715004803842,80.7715004803842,80.57150048038422,80.67150048038421,962000
2016/09/23,80.49181891737334,80.49181891737334,80.29181891737335,80.39181891737334,740000
2016/09/24,80.52271447921882,80.52271447921882,80.32271447921883,80.42271447921883,691000
2016/09/25,80.52271447921882,80.52271447921882,80.32271447921883,80.42271447921883,691000
2016/09/26,80.52271447921882,80.52271447921882,80.32271447921883,80.42271447921883,691000
2016/09/27,80.77687849160793,80.77687849160793,80.57687849160794,80.67687849160794,714000
2016/09/28,80.77687849160793,80.77687849160793,80.57687849160794,80.67687849160794,714000
2016/09/29,80.77687849160793,80.77687849160793,80.57687849160794,80.67687849160794,714000
2016/09/30,80.67174759694537,80.67174759694537,80.47174759694538,80.57174759694537,427000
2016/10/01,80.67362759985781,80.67362759985781,80.47362759985782,80.57362759985782,520000
2016/10/02,80.67362759985781,80.67362759985781,80.47362759985782,80.57362759985782,520000
2016/10/03,80.67362759985781,80.67362759985781,80.47362759985782,80.57362759985782,520000
2016/10/04,80.66279741022709,80.66279741022709,80.4627974102271,80.56279741022709,72000
2016/10/05,75.57786304615952,75.57786304615952,75.37786304615953,75.47786304615953,105000
2016/10/06,81.84295346369007,81.84295346369007,81.64295346369008,81.74295346369007,185000
2016/10/07,85.66773260202972,85.8677326020297,85.66773260202972,85.76773260202971,486000
2016/10/08,85.62094430841123,85.82094430841121,85.62094430841123,85.72094430841122,846000
2016/10/09,85.62094430841123,85.82094430841121,85.62094430841123,85.72094430841122,846000
2016/10/10,85.62094430841123,85.82094430841121,85.62094430841123,85.72094430841122,846000
2016/10/11,85.62094430841123,85.82094430841121,85.62094430841123,85.72094430841122,846000
2016/10/12,84.78992173178263,84.98992173178262,84.78992173178263,84.88992173178262,2198310
2016/10/13,84.88390273838398,85.08390273838397,84.88390273838398,84.98390273838397,2776310
2016/10/14,84.70333263901702,84.90333263901701,84.70333263901702,84.80333263901701,2967000
2016/10/15,84.64275065831981,84.8427506583198,84.64275065831981,84.7427506583198,2844000
2016/10/16,84.64275065831981,84.8427506583198,84.64275065831981,84.7427506583198,2844000
2016/10/17,84.64275065831981,84.8427506583198,84.64275065831981,84.7427506583198,2844000
2016/10/18,84.64153320692766,84.84153320692765,84.64153320692766,84.74153320692766,3038000
2016/10/19,84.59035083868798,84.79035083868797,84.59035083868798,84.69035083868798,3106000
2016/10/20,84.47413606380948,84.67413606380947,84.47413606380948,84.57413606380948,3519000
2016/10/21,84.41011523455201,84.610115234552,84.41011523455201,84.510115234552,3708000
2016/10/22,84.45446023681656,84.65446023681655,84.45446023681656,84.55446023681655,3829000
2016/10/23,84.45446023681656,84.65446023681655,84.45446023681656,84.55446023681655,3829000
2016/10/24,84.45446023681656,84.65446023681655,84.45446023681656,84.55446023681655,3829000
2016/10/25,84.6635099702621,84.86350997026209,84.6635099702621,84.76350997026209,3788000
2016/10/26,84.79785270224637,84.99785270224636,84.79785270224637,84.89785270224637,3661000
2016/10/27,84.69540416919392,84.89540416919391,84.69540416919392,84.79540416919392,3457000
2016/10/28,84.7859650489192,84.98596504891918,84.7859650489192,84.88596504891919,3106000
2016/10/29,84.66945029081874,84.86945029081873,84.66945029081874,84.76945029081874,3301000
2016/10/30,84.66945029081874,84.86945029081873,84.66945029081874,84.76945029081874,3301000
2016/10/31,84.66945029081874,84.86945029081873,84.66945029081874,84.76945029081874,3301000
2016/11/01,84.69303292637336,84.89303292637335,84.69303292637336,84.79303292637336,3235000
2016/11/02,84.64672546231753,84.84672546231752,84.64672546231753,84.74672546231753,3494000
2016/11/03,84.60579740323674,84.80579740323672,84.60579740323674,84.70579740323673,3455000
2016/11/04,84.70943945028338,84.90943945028337,84.70943945028338,84.80943945028338,3145038
2016/11/05,84.47787529639491,84.6778752963949,84.47787529639491,84.57787529639491,3425038
2016/11/06,84.47787529639491,84.6778752963949,84.47787529639491,84.57787529639491,3425038
2016/11/07,84.47787529639491,84.6778752963949,84.47787529639491,84.57787529639491,3425038
2016/11/08,84.36138310558756,84.56138310558755,84.36138310558756,84.46138310558756,3390038
2016/11/09,84.40758743884628,84.60758743884627,84.40758743884628,84.50758743884627,3162038
2016/11/10,84.39793355746282,84.59793355746281,84.39793355746282,84.49793355746282,3115038
2016/11/11,84.35282079468965,84.55282079468964,84.35282079468965,84.45282079468964,3077038
2016/11/12,84.24011735060657,84.44011735060656,84.24011735060657,84.34011735060656,3093038
2016/11/13,84.24011735060657,84.44011735060656,84.24011735060657,84.34011735060656,3093038
2016/11/14,84.24011735060657,84.44011735060656,84.24011735060657,84.34011735060656,3093038
2016/11/15,83.9041781735956,84.10417817359559,83.9041781735956,84.00417817359559,6288038
2016/11/16,84.31536848021308,84.51536848021307,84.31536848021308,84.41536848021308,7973038
2016/11/17,84.43174568780539,84.63174568780538,84.43174568780539,84.53174568780538,8642038
2016/11/18,84.61941968824641,84.8194196882464,84.61941968824641,84.7194196882464,9337038
2016/11/19,84.65885400883211,84.8588540088321,84.65885400883211,84.7588540088321,9403038
2016/11/20,84.65885400883211,84.8588540088321,84.65885400883211,84.7588540088321,9403038
2016/11/21,84.65885400883211,84.8588540088321,84.65885400883211,84.7588540088321,9403038
2016/11/22,84.69237280650225,84.89237280650224,84.69237280650225,84.79237280650224,9180038
2016/11/23,84.69306882012272,84.8930688201227,84.69306882012272,84.79306882012271,9187038
2016/11/24,85.82150965372377,86.02150965372375,85.82150965372377,85.92150965372376,11256916
2016/11/25,85.85155946905866,86.05155946905865,85.85155946905866,85.95155946905865,10387916
2016/11/26,85.8755841995706,86.07558419957059,85.8755841995706,85.97558419957059,10085916
2016/11/27,85.8755841995706,86.07558419957059,85.8755841995706,85.97558419957059,10085916
2016/11/28,85.8755841995706,86.07558419957059,85.8755841995706,85.97558419957059,10085916
2016/11/29,86.05742749827976,86.25742749827975,86.05742749827976,86.15742749827976,8853916
2016/11/30,86.31499965882506,86.51499965882505,86.31499965882506,86.41499965882505,8287916
2016/12/01,86.37163666098604,86.57163666098603,86.37163666098604,86.47163666098604,7804916
2016/12/02,86.30930081395537,86.50930081395536,86.30930081395537,86.40930081395537,8197916
2016/12/03,86.63469898736447,86.83469898736446,86.63469898736447,86.73469898736447,8297916
2016/12/04,86.63469898736447,86.83469898736446,86.63469898736447,86.73469898736447,8297916
2016/12/05,86.63469898736447,86.83469898736446,86.63469898736447,86.73469898736447,8297916
2016/12/06,86.53898116367718,86.73898116367717,86.53898116367718,86.63898116367717,8118916
2016/12/07,86.73780372025294,86.93780372025293,86.73780372025294,86.83780372025294,8243916
2016/12/08,87.05983091886864,87.25983091886863,87.05983091886864,87.15983091886864,9189916
2016/12/09,87.15458501934489,87.35458501934488,87.15458501934489,87.25458501934489,9280916
2016/12/10,87.5422233382969,87.7422233382969,87.5422233382969,87.6422233382969,10008916
2016/12/11,87.5422233382969,87.7422233382969,87.5422233382969,87.6422233382969,10008916
2016/12/12,87.5422233382969,87.7422233382969,87.5422233382969,87.6422233382969,10008916
2016/12/13,87.63008295584336,87.83008295584335,87.63008295584336,87.73008295584336,10148916
2016/12/14,87.50969395346593,87.70969395346592,87.50969395346593,87.60969395346592,10338916
2016/12/15,87.4110921327596,87.6110921327596,87.4110921327596,87.5110921327596,10421916
2016/12/16,87.4122364323571,87.6122364323571,87.4122364323571,87.5122364323571,10129734
2016/12/17,87.39623457430929,87.59623457430928,87.39623457430929,87.49623457430928,10023734
2016/12/18,87.39623457430929,87.59623457430928,87.39623457430929,87.49623457430928,10023734
2016/12/19,87.39623457430929,87.59623457430928,87.39623457430929,87.49623457430928,10023734
2016/12/20,87.50160126057554,87.70160126057553,87.50160126057554,87.60160126057553,9572734
2016/12/21,87.45977845756993,87.65977845756991,87.45977845756993,87.55977845756992,9648734
2016/12/22,87.38489756143319,87.58489756143318,87.38489756143319,87.48489756143319,9265696
2016/12/23,87.49323169610939,87.69323169610938,87.49323169610939,87.59323169610938,8868696
2016/12/24,87.40134407822823,87.60134407822822,87.40134407822823,87.50134407822823,9027018
2016/12/25,87.40134407822823,87.60134407822822,87.40134407822823,87.50134407822823,9027018
2016/12/26,87.40134407822823,87.60134407822822,87.40134407822823,87.50134407822823,9027018
2016/12/27,87.31120793696651,87.5112079369665,87.31120793696651,87.4112079369665,9033018
2016/12/28,87.26924594508272,87.4692459450827,87.26924594508272,87.36924594508271,9105018
2016/12/29,87.32146148705573,87.52146148705572,87.32146148705573,87.42146148705572,8841018
2016/12/30,87.40067477367946,87.60067477367944,87.40067477367946,87.50067477367945,8700018
2016/12/31,88.84757451997092,89.04757451997091,88.84757451997092,88.94757451997091,5181018
2017/01/01,88.84757451997092,89.04757451997091,88.84757451997092,88.94757451997091,5181018
2017/01/02,88.84757451997092,89.04757451997091,88.84757451997092,88.94757451997091,5181018
2017/01/03,88.84757451997092,89.04757451997091,88.84757451997092,88.94757451997091,5181018
2017/01/04,89.52098673272059,89.72098673272058,89.52098673272059,89.62098673272058,3569018
2017/01/05,89.78415623142666,89.98415623142665,89.78415623142666,89.88415623142666,2852018
2017/01/06,90.13690654065486,90.33690654065485,90.13690654065486,90.23690654065486,1407018
2017/01/07,90.2218990951323,90.42189909513229,90.2218990951323,90.3218990951323,1295018
2017/01/08,90.2218990951323,90.42189909513229,90.2218990951323,90.3218990951323,1295018
2017/01/09,90.2218990951323,90.42189909513229,90.2218990951323,90.3218990951323,1295018
2017/01/10,90.25676393559515,90.45676393559513,90.25676393559515,90.35676393559514,1188018
2017/01/11,90.20611341584556,90.40611341584555,90.20611341584556,90.30611341584556,1159018
2017/01/12,91.60742167560288,91.60742167560288,91.40742167560289,91.50742167560288,1708860
2017/01/13,91.29030158160278,91.29030158160278,91.09030158160279,91.19030158160278,1550860
2017/01/14,90.96710722512474,90.96710722512474,90.76710722512475,90.86710722512474,2000860
2017/01/15,90.96710722512474,90.96710722512474,90.76710722512475,90.86710722512474,2000860
2017/01/16,90.96710722512474,90.96710722512474,90.76710722512475,90.86710722512474,2000860
2017/01/17,90.93435315728746,90.93435315728746,90.73435315728747,90.83435315728747,2096860
2017/01/18,90.92508372634775,90.92508372634775,90.72508372634776,90.82508372634776,1478860
2017/01/19,91.00028684633263,91.00028684633263,90.80028684633264,90.90028684633263,697860
2017/01/20,90.98386211706831,90.98386211706831,90.78386211706832,90.88386211706832,74122
2017/01/21,141.88971131650155,142.88971131650155,141.88971131650155,142.38971131650155,42878
2017/01/22,141.88971131650155,142.88971131650155,141.88971131650155,142.38971131650155,42878
2017/01/23,141.88971131650155,142.88971131650155,141.88971131650155,142.38971131650155,42878
2017/01/24,98.38460311673816,98.58460311673815,98.38460311673816,98.48460311673816,681878
2017/01/25,98.77066561365635,98.97066561365634,98.77066561365635,98.87066561365634,1108878
2017/01/26,98.77066561365635,98.97066561365634,98.77066561365635,98.87066561365634,1108878
2017/01/27,98.77066561365635,98.97066561365634,98.77066561365635,98.87066561365634,1108878
2017/01/28,98.77066561365635,98.97066561365634,98.77066561365635,98.87066561365634,1108878
2017/01/29,98.77066561365635,98.97066561365634,98.77066561365635,98.87066561365634,1108878
2017/01/30,98.77066561365635,98.97066561365634,98.77066561365635,98.87066561365634,1108878
2017/01/31,98.77066561365635,98.97066561365634,98.77066561365635,98.87066561365634,1108878
2017/02/01,98.77066561365635,98.97066561365634,98.77066561365635,98.87066561365634,1108878
2017/02/02,98.77066561365635,98.97066561365634,98.77066561365635,98.87066561365634,1108878
2017/02/03,111.22029926070012,112.22029926070012,111.22029926070012,111.72029926070012,543878
2017/02/04,104.91237727610324,105.91237727610324,104.91237727610324,105.41237727610324,555878
2017/02/05,104.91237727610324,105.91237727610324,104.91237727610324,105.41237727610324,555878
2017/02/06,104.91237727610324,105.91237727610324,104.91237727610324,105.41237727610324,555878
2017/02/07,101.5378461370545,101.5378461370545,100.5378461370545,101.0378461370545,794122
2017/02/08,99.38330407410966,99.38330407410966,99.18330407410967,99.28330407410967,670122
2017/02/09,120.11435155103548,121.11435155103548,120.11435155103548,120.61435155103548,503878
2017/02/10,115.91425394221368,116.91425394221368,115.91425394221368,116.41425394221368,1763878
2017/02/11,114.24676679618307,115.24676679618307,114.24676679618307,114.74676679618307,2874060
2017/02/12,114.24676679618307,115.24676679618307,114.24676679618307,114.74676679618307,2874060
2017/02/13,114.24676679618307,115.24676679618307,114.24676679618307,114.74676679618307,2874060
2017/02/14,116.10895973244307,117.10895973244307,116.10895973244307,116.60895973244307,4608060
2017/02/15,116.78820034423667,117.78820034423667,116.78820034423667,117.28820034423667,5952060
2017/02/16,116.77932059141486,117.77932059141486,116.77932059141486,117.27932059141486,5659060
2017/02/17,116.44116568724623,117.44116568724623,116.44116568724623,116.94116568724623,6693060
2017/02/18,115.91373636941127,116.91373636941127,115.91373636941127,116.41373636941127,6452060
2017/02/19,115.91373636941127,116.91373636941127,115.91373636941127,116.41373636941127,6452060
2017/02/20,115.91373636941127,116.91373636941127,115.91373636941127,116.41373636941127,6452060
2017/02/21,117.00264680942739,118.00264680942739,117.00264680942739,117.50264680942739,8656738
2017/02/22,116.60351397157704,117.60351397157704,116.60351397157704,117.10351397157704,8800738
2017/02/23,117.54423123279498,118.54423123279498,117.54423123279498,118.04423123279498,9868738
2017/02/24,118.1092403954132,119.1092403954132,118.1092403954132,118.6092403954132,10939738
2017/02/25,118.41886022189236,119.41886022189236,118.41886022189236,118.91886022189236,11474738
2017/02/26,118.41886022189236,119.41886022189236,118.41886022189236,118.91886022189236,11474738
2017/02/27,118.41886022189236,119.41886022189236,118.41886022189236,118.91886022189236,11474738
2017/02/28,118.41886022189236,119.41886022189236,118.41886022189236,118.91886022189236,11474738
2017/03/01,118.41886022189236,119.41886022189236,118.41886022189236,118.91886022189236,11474738
2017/03/02,118.3725727982474,119.3725727982474,118.3725727982474,118.8725727982474,12548738
2017/03/03,118.58159593091794,119.58159593091794,118.58159593091794,119.08159593091794,12890738
2017/03/04,118.43712715979383,119.43712715979383,118.43712715979383,118.93712715979383,12989738
2017/03/05,118.43712715979383,119.43712715979383,118.43712715979383,118.93712715979383,12989738
2017/03/06,118.43712715979383,119.43712715979383,118.43712715979383,118.93712715979383,12989738
2017/03/07,117.38114773341427,118.38114773341427,117.38114773341427,117.88114773341427,13695738
2017/03/08,117.38461134046467,118.38461134046467,117.38461134046467,117.88461134046467,13668802
2017/03/09,117.65446906256591,118.65446906256591,117.65446906256591,118.15446906256591,14013802
2017/03/10,118.86753234845237,119.86753234845237,118.86753234845237,119.36753234845237,15707802
2017/03/11,117.94930287320723,118.94930287320723,117.94930287320723,118.44930287320723,16066802
2017/03/12,117.94930287320723,118.94930287320723,117.94930287320723,118.44930287320723,16066802
2017/03/13,117.94930287320723,118.94930287320723,117.94930287320723,118.44930287320723,16066802
2017/03/14,120.06690113236614,121.06690113236614,120.06690113236614,120.56690113236614,18178802
2017/03/15,121.87947061596334,122.87947061596334,121.87947061596334,122.37947061596334,20477984
2017/03/16,122.93636224709455,123.93636224709455,122.93636224709455,123.43636224709455,21625984
2017/03/17,123.8772200415693,124.8772200415693,123.8772200415693,124.3772200415693,20533984
2017/03/18,125.13750926058472,126.13750926058472,125.13750926058472,125.63750926058472,20843984
2017/03/19,125.13750926058472,126.13750926058472,125.13750926058472,125.63750926058472,20843984
2017/03/20,125.13750926058472,126.13750926058472,125.13750926058472,125.63750926058472,20843984
2017/03/21,126.75417898141016,127.75417898141016,126.75417898141016,127.25417898141016,20627246
2017/03/22,127.93054676380746,128.93054676380746,127.93054676380746,128.43054676380746,20894246
2017/03/23,129.02992797785816,130.02992797785816,129.02992797785816,129.52992797785816,21438627
2017/03/24,130.62556501450925,131.62556501450925,130.62556501450925,131.12556501450925,21674627
2017/03/25,131.8919959728677,132.8919959728677,131.8919959728677,132.3919959728677,22156627
2017/03/26,131.8919959728677,132.8919959728677,131.8919959728677,132.3919959728677,22156627
2017/03/27,131.8919959728677,132.8919959728677,131.8919959728677,132.3919959728677,22156627
2017/03/28,132.26640386591384,133.26640386591384,132.26640386591384,132.76640386591384,22057627
2017/03/29,131.8794130650236,132.8794130650236,131.8794130650236,132.3794130650236,22874627
2017/03/30,132.2082795912299,133.2082795912299,132.2082795912299,132.7082795912299,22452627
2017/03/31,133.1874858790893,134.1874858790893,133.1874858790893,133.6874858790893,21472627
2017/04/01,134.0824754618434,135.0824754618434,134.0824754618434,134.5824754618434,19824627
2017/04/02,134.0824754618434,135.0824754618434,134.0824754618434,134.5824754618434,19824627
2017/04/03,134.0824754618434,135.0824754618434,134.0824754618434,134.5824754618434,19824627
2017/04/04,134.0824754618434,135.0824754618434,134.0824754618434,134.5824754618434,19824627
2017/04/05,134.0824754618434,135.0824754618434,134.0824754618434,134.5824754618434,19824627
2017/04/06,134.84208538824433,135.84208538824433,134.84208538824433,135.34208538824433,19087716
2017/04/07,136.28820394867486,137.28820394867486,136.28820394867486,136.78820394867486,17788403
2017/04/08,136.8841321993688,137.8841321993688,136.8841321993688,137.3841321993688,16144803
2017/04/09,136.8841321993688,137.8841321993688,136.8841321993688,137.3841321993688,16144803
2017/04/10,136.8841321993688,137.8841321993688,136.8841321993688,137.3841321993688,16144803
2017/04/11,136.7731895541448,137.7731895541448,136.7731895541448,137.2731895541448,16281281
2017/04/12,136.9961048489254,137.9961048489254,136.9961048489254,137.4961048489254,16454508
2017/04/13,136.8058252518804,137.8058252518804,136.8058252518804,137.3058252518804,16808651
2017/04/14,138.92962666037465,139.92962666037465,138.92962666037465,139.42962666037465,14379651
2017/04/15,138.9017082441592,139.9017082441592,138.9017082441592,139.4017082441592,14162651
2017/04/16,138.9017082441592,139.9017082441592,138.9017082441592,139.4017082441592,14162651
2017/04/17,138.9017082441592,139.9017082441592,138.9017082441592,139.4017082441592,14162651
2017/04/18,139.30757878835342,140.30757878835342,139.30757878835342,139.80757878835342,13905651
2017/04/19,140.0293057950606,141.0293057950606,140.0293057950606,140.5293057950606,12501951
2017/04/20,140.54873926765404,141.54873926765404,140.54873926765404,141.04873926765404,11820081
2017/04/21,141.05101812047823,142.05101812047823,141.05101812047823,141.55101812047823,12031081
2017/04/22,141.66464508284795,142.66464508284795,141.66464508284795,142.16464508284795,13887141
2017/04/23,141.66464508284795,142.66464508284795,141.66464508284795,142.16464508284795,13887141
2017/04/24,141.66464508284795,142.66464508284795,141.66464508284795,142.16464508284795,13887141
2017/04/25,142.1248916885532,143.1248916885532,142.1248916885532,142.6248916885532,15315666
2017/04/26,144.21357869333733,145.21357869333733,144.21357869333733,144.71357869333733,17789666
2017/04/27,144.5308898087855,145.5308898087855,144.5308898087855,145.0308898087855,18049602
2017/04/28,144.73078635999795,145.73078635999795,144.73078635999795,145.23078635999795,17629908
2017/04/29,145.65309751047383,146.65309751047383,145.65309751047383,146.15309751047383,16098996
2017/04/30,145.65309751047383,146.65309751047383,145.65309751047383,146.15309751047383,16098996
2017/05/01,145.65309751047383,146.65309751047383,145.65309751047383,146.15309751047383,16098996
2017/05/02,145.65309751047383,146.65309751047383,145.65309751047383,146.15309751047383,16098996
2017/05/03,145.95933932775347,146.95933932775347,145.95933932775347,146.45933932775347,16540832
2017/05/04,146.46249608873157,147.46249608873157,146.46249608873157,146.96249608873157,14656632
2017/05/05,146.7270223636766,147.7270223636766,146.7270223636766,147.2270223636766,12939750
2017/05/06,147.81689020253057,148.81689020253057,147.81689020253057,148.31689020253057,12336012
2017/05/07,147.81689020253057,148.81689020253057,147.81689020253057,148.31689020253057,12336012
2017/05/08,147.81689020253057,148.81689020253057,147.81689020253057,148.31689020253057,12336012
2017/05/09,147.73211536315446,148.73211536315446,147.73211536315446,148.23211536315446,12660012
2017/05/10,153.63318386174677,154.63318386174677,153.63318386174677,154.13318386174677,13312726
2017/05/11,154.01637469683496,155.01637469683496,154.01637469683496,154.51637469683496,10674626
2017/05/12,155.5321193958153,156.5321193958153,155.5321193958153,156.0321193958153,10181055
2017/05/13,158.8041842544254,159.8041842544254,158.8041842544254,159.3041842544254,9584132
2017/05/14,158.8041842544254,159.8041842544254,158.8041842544254,159.3041842544254,9584132
2017/05/15,158.8041842544254,159.8041842544254,158.8041842544254,159.3041842544254,9584132
2017/05/16,160.38874665423157,161.38874665423157,160.38874665423157,160.88874665423157,8399479
2017/05/17,162.64099690828914,163.64099690828914,162.64099690828914,163.14099690828914,6458800
2017/05/18,162.74975512650258,163.74975512650258,162.74975512650258,163.24975512650258,5031274
2017/05/19,163.90656637093866,164.90656637093866,163.90656637093866,164.40656637093866,2792339
2017/05/20,163.64289448244142,164.64289448244142,163.64289448244142,164.14289448244142,2401990
2017/05/21,163.64289448244142,164.64289448244142,163.64289448244142,164.14289448244142,2401990
2017/05/22,163.64289448244142,164.64289448244142,163.64289448244142,164.14289448244142,2401990
2017/05/23,163.72285494600283,164.72285494600283,163.72285494600283,164.22285494600283,2338507
2017/05/24,167.35817762428826,168.35817762428826,167.35817762428826,167.85817762428826,3107934
2017/05/25,186.5382145955296,187.5382145955296,186.5382145955296,187.0382145955296,4494156
2017/05/26,188.60859380617578,189.60859380617578,188.60859380617578,189.10859380617578,2996469
2017/05/27,184.82449080097288,185.82449080097288,184.82449080097288,185.32449080097288,3537069
2017/05/28,184.82449080097288,185.82449080097288,184.82449080097288,185.32449080097288,3537069
2017/05/29,184.82449080097288,185.82449080097288,184.82449080097288,185.32449080097288,3537069
2017/05/30,184.82449080097288,185.82449080097288,184.82449080097288,185.32449080097288,3537069
2017/05/31,184.82449080097288,185.82449080097288,184.82449080097288,185.32449080097288,3537069
2017/06/01,183.77702368282505,184.77702368282505,183.77702368282505,184.27702368282505,2240348
2017/06/02,188.4303234562427,189.4303234562427,188.4303234562427,188.9303234562427,1226810
2017/06/03,187.871789849796,188.871789849796,187.871789849796,188.371789849796,904022
2017/06/04,187.871789849796,188.871789849796,187.871789849796,188.371789849796,904022
2017/06/05,187.871789849796,188.871789849796,187.871789849796,188.371789849796,904022
2017/06/06,186.2067226888058,187.2067226888058,186.2067226888058,186.7067226888058,688698
2017/06/07,184.51269484220745,185.51269484220745,184.51269484220745,185.01269484220745,134698
2017/06/08,234.37443189563947,234.37443189563947,233.37443189563947,233.87443189563947,1871465
2017/06/09,245.802848891564,245.802848891564,244.802848891564,245.302848891564,1859140
2017/06/10,247.9075711822656,247.9075711822656,246.9075711822656,247.4075711822656,2010821
2017/06/11,247.9075711822656,247.9075711822656,246.9075711822656,247.4075711822656,2010821
2017/06/12,247.9075711822656,247.9075711822656,246.9075711822656,247.4075711822656,2010821
2017/06/13,231.68089697922997,231.68089697922997,230.68089697922997,231.18089697922997,3419679
2017/06/14,230.68877451863736,230.68877451863736,229.68877451863736,230.18877451863736,5245333
2017/06/15,230.55049609747897,230.55049609747897,229.55049609747897,230.05049609747897,5842858
2017/06/16,225.4222354051953,225.4222354051953,224.4222354051953,224.9222354051953,7158858
2017/06/17,225.4090543169698,225.4090543169698,224.4090543169698,224.9090543169698,5583405
2017/06/18,225.4090543169698,225.4090543169698,224.4090543169698,224.9090543169698,5583405
2017/06/19,225.4090543169698,225.4090543169698,224.4090543169698,224.9090543169698,5583405
2017/06/20,225.76559821921728,225.76559821921728,224.76559821921728,225.26559821921728,5028767
2017/06/21,225.9703374478001,225.9703374478001,224.9703374478001,225.4703374478001,5703207
2017/06/22,225.079162498933,225.079162498933,224.079162498933,224.579162498933,6345926
2017/06/23,225.57234204513003,225.57234204513003,224.57234204513003,225.07234204513003,7967303
2017/06/24,224.30896295093422,224.30896295093422,223.30896295093422,223.80896295093422,10592138
2017/06/25,224.30896295093422,224.30896295093422,223.30896295093422,223.80896295093422,10592138
2017/06/26,224.30896295093422,224.30896295093422,223.30896295093422,223.80896295093422,10592138
2017/06/27,223.89646927027195,223.89646927027195,222.89646927027195,223.39646927027195,11812400
2017/06/28,224.5970301489221,224.5970301489221,223.5970301489221,224.0970301489221,12723139
2017/06/29,224.51958665984452,224.51958665984452,223.51958665984452,224.01958665984452,15609279
2017/06/30,226.65559332493947,226.65559332493947,225.65559332493947,226.15559332493947,15164622
2017/07/01,226.43367052413976,226.43367052413976,225.43367052413976,225.93367052413976,16024751
2017/07/02,226.43367052413976,226.43367052413976,225.43367052413976,225.93367052413976,16024751
2017/07/03,226.43367052413976,226.43367052413976,225.43367052413976,225.93367052413976,16024751
2017/07/04,226.25284903910196,226.25284903910196,225.25284903910196,225.75284903910196,15926209
2017/07/05,226.41018061949146,226.41018061949146,225.41018061949146,225.91018061949146,16070654
2017/07/06,226.3848876786979,226.3848876786979,225.3848876786979,225.8848876786979,18256139
2017/07/07,226.9327130500581,226.9327130500581,225.9327130500581,226.4327130500581,14885890
2017/07/08,227.01175876297916,227.01175876297916,226.01175876297916,226.51175876297916,15965058
2017/07/09,227.01175876297916,227.01175876297916,226.01175876297916,226.51175876297916,15965058
2017/07/10,227.01175876297916,227.01175876297916,226.01175876297916,226.51175876297916,15965058
2017/07/11,226.7058968351821,226.7058968351821,225.7058968351821,226.2058968351821,16773004
2017/07/12,226.59854410241073,226.59854410241073,225.59854410241073,226.09854410241073,17572477
2017/07/13,226.64249617517893,226.64249617517893,225.64249617517893,226.14249617517893,16669940
2017/07/14,228.5520043653062,228.5520043653062,227.5520043653062,228.0520043653062,19836351
2017/07/15,228.46524647882333,228.46524647882333,227.46524647882333,227.96524647882333,18190378
2017/07/16,228.46524647882333,228.46524647882333,227.46524647882333,227.96524647882333,18190378
2017/07/17,228.46524647882333,228.46524647882333,227.46524647882333,227.96524647882333,18190378
2017/07/18,228.5702623120947,228.5702623120947,227.5702623120947,228.0702623120947,18251400
2017/07/19,228.8995558067034,228.8995558067034,227.8995558067034,228.3995558067034,16996603
2017/07/20,230.3129898170458,230.3129898170458,229.3129898170458,229.8129898170458,17271193
2017/07/21,230.51075323034166,230.51075323034166,229.51075323034166,230.01075323034166,16107698
2017/07/22,232.67184174996038,232.67184174996038,231.67184174996038,232.17184174996038,16614043
2017/07/23,232.67184174996038,232.67184174996038,231.67184174996038,232.17184174996038,16614043
2017/07/24,232.67184174996038,232.67184174996038,231.67184174996038,232.17184174996038,16614043
2017/07/25,233.29323669846136,233.29323669846136,232.29323669846136,232.79323669846136,15693212
2017/07/26,233.56700963610723,233.56700963610723,232.56700963610723,233.06700963610723,13985385
2017/07/27,243.41535317258305,243.41535317258305,242.41535317258305,242.91535317258305,16671010
2017/07/28,243.87821683393383,243.87821683393383,242.87821683393383,243.37821683393383,16410076
2017/07/29,247.54251020664313,247.54251020664313,246.54251020664313,247.04251020664313,17425884
2017/07/30,247.54251020664313,247.54251020664313,246.54251020664313,247.04251020664313,17425884
2017/07/31,247.54251020664313,247.54251020664313,246.54251020664313,247.04251020664313,17425884
2017/08/01,247.48389036017977,247.48389036017977,246.48389036017977,246.98389036017977,18053090
2017/08/02,248.69015127514587,248.69015127514587,247.69015127514587,248.19015127514587,19896090
2017/08/03,247.57342901840863,247.57342901840863,246.57342901840863,247.07342901840863,21119390
2017/08/04,246.2759755391833,246.2759755391833,245.2759755391833,245.7759755391833,23144843
2017/08/05,247.99505020836762,247.99505020836762,246.99505020836762,247.49505020836762,24416787
2017/08/06,247.99505020836762,247.99505020836762,246.99505020836762,247.49505020836762,24416787
2017/08/07,247.99505020836762,247.99505020836762,246.99505020836762,247.49505020836762,24416787
2017/08/08,255.55064521093158,255.55064521093158,254.55064521093158,255.05064521093158,25947435
2017/08/09,256.9131434868647,256.9131434868647,255.91314348686473,256.4131434868647,25835162
2017/08/10,259.42660385149253,259.42660385149253,258.42660385149253,258.92660385149253,24482194
2017/08/11,263.51847568571225,263.51847568571225,262.51847568571225,263.01847568571225,19957599
2017/08/12,264.925834699398,264.925834699398,263.925834699398,264.425834699398,19090443
2017/08/13,264.925834699398,264.925834699398,263.925834699398,264.425834699398,19090443
2017/08/14,264.925834699398,264.925834699398,263.925834699398,264.425834699398,19090443
2017/08/15,266.6651618970414,266.6651618970414,265.6651618970414,266.1651618970414,17907146
2017/08/16,271.0139759713649,271.0139759713649,270.0139759713649,270.5139759713649,16903720
2017/08/17,274.95983072373997,274.95983072373997,273.95983072373997,274.45983072373997,14627277
2017/08/18,276.8302488190866,276.8302488190866,275.8302488190866,276.3302488190866,13370577
